OrderDetailID,OrderID,ProductID,UnitPrice,Quantity,Discount,TotalPrice
OD0001,ORD0693,P090,1522.5,1,63.66,1458.84
OD0002,ORD0359,P081,3590.18,2,391.02,6789.34
OD0003,ORD0440,P087,1987.8,2,483.98,3491.62
OD0004,ORD0589,P064,2205.67,2,160.03,4251.31
OD0005,ORD0466,P032,3998.89,4,18.59,15976.97
OD0006,ORD0663,P079,3404.55,2,180.43,6628.67
OD0007,ORD0446,P013,1574.73,2,8.73,3140.73
OD0008,ORD0750,P066,239.31,4,96.19,861.05
OD0009,ORD0801,P019,2579.46,3,376.24,7362.14
OD0010,ORD0743,P024,2874.87,2,468.54,5281.2
OD0011,ORD0488,P088,2673.05,2,43.72,5302.38
OD0012,ORD0530,P011,3877.88,4,278.95,15232.57
OD0013,ORD0073,P059,3479.29,3,126.94,10310.929999999998
OD0014,ORD0929,P086,1905.56,3,69.53,5647.150000000001
OD0015,ORD0928,P015,438.86,3,109.49,1207.09
OD0016,ORD0701,P010,2009.02,4,288.88,7747.2
OD0017,ORD0950,P041,2819.13,1,32.57,2786.56
OD0018,ORD0017,P027,2509.3,1,217.11,2292.19
OD0019,ORD0531,P060,2244.92,2,67.61,4422.2300000000005
OD0020,ORD0731,P073,1981.51,2,136.34,3826.68
OD0021,ORD0326,P052,1316.3,2,95.38,2537.22
OD0022,ORD0995,P028,1253.92,1,441.49,812.4300000000001
OD0023,ORD0632,P065,2100.88,4,354.01,8049.51
OD0024,ORD0613,P017,810.29,2,434.23,1186.35
OD0025,ORD0546,P095,1494.6,4,191.73,5786.67
OD0026,ORD0596,P044,1431.12,2,156.71,2705.5299999999997
OD0027,ORD0921,P010,2431.1,4,190.29,9534.109999999999
OD0028,ORD0708,P063,453.39,4,9.27,1804.29
OD0029,ORD0842,P093,3352.74,1,362.35,2990.39
OD0030,ORD0202,P082,2337.04,4,174.89,9173.27
OD0031,ORD0344,P047,2749.14,3,156.66,8090.76
OD0032,ORD0853,P038,2871.76,1,299.07,2572.69
OD0033,ORD0523,P070,1307.64,2,218.12,2397.1600000000003
OD0034,ORD0859,P076,1987.41,1,490.42,1496.99
OD0035,ORD0400,P053,3833.73,3,178.13,11323.060000000001
OD0036,ORD0218,P078,3113.48,3,306.95,9033.49
OD0037,ORD0445,P044,3884.32,4,155.83,15381.45
OD0038,ORD0765,P074,3035.77,3,495.3,8612.01
OD0039,ORD0222,P054,867.28,3,222.56,2379.28
OD0040,ORD0383,P020,445.24,3,317.06,1018.6600000000001
OD0041,ORD0881,P079,2395.11,3,63.36,7121.97
OD0042,ORD0592,P031,1559.69,2,366.51,2752.87
OD0043,ORD0007,P007,1246.74,2,134.61,2358.87
OD0044,ORD0272,P058,3267.4,1,224.31,3043.09
OD0045,ORD0739,P010,1594.57,4,441.57,5936.71
OD0046,ORD0016,P010,1404.6,2,485.28,2323.92
OD0047,ORD0424,P039,3429.95,3,212.29,10077.559999999998
OD0048,ORD0524,P028,3415.89,4,417.4,13246.16
OD0049,ORD0803,P030,1554.19,2,26.67,3081.71
OD0050,ORD0753,P037,3363.5,1,423.79,2939.71
OD0051,ORD0021,P067,3432.96,3,314.76,9984.12
OD0052,ORD0690,P043,1810.94,4,244.35,6999.41
OD0053,ORD0939,P079,452.6,2,444.98,460.22
OD0054,ORD0228,P085,206.02,4,422.67,401.41
OD0055,ORD0785,P052,2188.51,2,148.47,4228.55
OD0056,ORD0288,P056,1507.49,1,395.74,1111.75
OD0057,ORD0809,P076,3989.1,3,49.75,11917.55
OD0058,ORD0134,P068,3135.16,1,411.38,2723.7799999999997
OD0059,ORD0984,P009,3092.85,3,337.73,8940.82
OD0060,ORD0283,P092,3829.92,3,43.93,11445.83
OD0061,ORD0404,P023,3573.35,4,341.54,13951.859999999999
OD0062,ORD0665,P063,1409.11,2,290.26,2527.96
OD0063,ORD0066,P061,830.75,1,297.28,533.47
OD0064,ORD0649,P040,3034.39,1,145.43,2888.96
OD0065,ORD0604,P044,1637.44,1,133.25,1504.19
OD0066,ORD0437,P086,1998.06,4,381.27,7610.969999999999
OD0067,ORD0829,P024,2595.51,4,128.41,10253.630000000001
OD0068,ORD0934,P051,3649.92,4,223.13,14376.550000000001
OD0069,ORD0259,P058,1792.53,3,347.39,5030.2
OD0070,ORD0980,P090,3176.6,1,39.81,3136.79
OD0071,ORD0966,P094,1219.69,3,297.27,3361.8
OD0072,ORD0103,P033,2852.29,1,294.69,2557.6
OD0073,ORD0993,P016,206.0,1,342.11,-136.11
OD0074,ORD0567,P022,3511.73,2,184.96,6838.5
OD0075,ORD0769,P057,315.44,1,224.49,90.94999999999999
OD0076,ORD0101,P062,2908.46,4,164.98,11468.86
OD0077,ORD0198,P082,375.78,4,404.08,1099.04
OD0078,ORD0813,P071,1211.73,4,65.31,4781.61
OD0079,ORD0226,P090,2089.37,2,481.48,3697.2599999999998
OD0080,ORD0943,P072,1795.77,2,317.42,3274.12
OD0081,ORD0463,P070,928.98,3,443.45,2343.4900000000002
OD0082,ORD0237,P030,1468.5,1,213.12,1255.38
OD0083,ORD0026,P023,2965.28,1,166.14,2799.1400000000003
OD0084,ORD0121,P032,2743.18,4,450.36,10522.359999999999
OD0085,ORD0910,P086,472.9,4,49.44,1842.1599999999999
OD0086,ORD0506,P057,3039.8,4,58.55,12100.650000000001
OD0087,ORD0182,P009,401.57,4,149.67,1456.61
OD0088,ORD0711,P031,2263.12,4,479.89,8572.59
OD0089,ORD0814,P071,1188.24,4,316.53,4436.43
OD0090,ORD0767,P009,2433.22,1,277.1,2156.12
OD0091,ORD0634,P013,1193.05,2,352.68,2033.4199999999998
OD0092,ORD0543,P058,3942.84,4,208.74,15562.62
OD0093,ORD0984,P003,1376.97,1,379.04,997.9300000000001
OD0094,ORD0315,P035,1119.45,4,196.62,4281.18
OD0095,ORD0991,P097,1258.17,3,413.18,3361.3300000000004
OD0096,ORD0797,P021,3606.6,3,133.65,10686.15
OD0097,ORD0618,P064,2617.63,1,138.77,2478.86
OD0098,ORD0736,P095,2976.6,2,261.19,5692.01
OD0099,ORD0273,P052,3688.44,3,215.38,10849.94
OD0100,ORD0910,P034,3665.12,3,324.06,10671.300000000001
OD0101,ORD0232,P096,3007.99,2,182.15,5833.83
OD0102,ORD0420,P035,951.73,3,115.28,2739.91
OD0103,ORD0768,P015,3404.82,4,234.9,13384.380000000001
OD0104,ORD0442,P096,974.35,2,280.48,1668.22
OD0105,ORD0496,P006,3023.02,3,71.3,8997.76
OD0106,ORD0024,P085,2805.29,2,278.36,5332.22
OD0107,ORD0109,P097,3083.78,4,159.63,12175.490000000002
OD0108,ORD0703,P032,2224.21,3,196.23,6476.400000000001
OD0109,ORD0502,P052,2627.16,1,139.66,2487.5
OD0110,ORD0859,P083,3822.62,3,465.71,11002.150000000001
OD0111,ORD0025,P097,584.14,3,341.67,1410.75
OD0112,ORD0187,P028,1373.62,4,131.23,5363.25
OD0113,ORD0288,P095,2523.16,1,322.52,2200.64
OD0114,ORD0628,P085,3863.41,1,424.29,3439.12
OD0115,ORD0338,P098,563.18,1,200.82,362.35999999999996
OD0116,ORD0878,P064,285.69,4,414.98,727.78
OD0117,ORD0914,P079,411.85,4,77.21,1570.19
OD0118,ORD0037,P078,399.14,4,411.39,1185.17
OD0119,ORD0794,P019,3649.7,4,270.15,14328.65
OD0120,ORD0137,P015,2940.78,4,111.49,11651.630000000001
OD0121,ORD0508,P006,2773.0,1,203.57,2569.43
OD0122,ORD0227,P073,2185.78,2,494.0,3877.5600000000004
OD0123,ORD0320,P084,3171.42,4,391.78,12293.9
OD0124,ORD0840,P098,791.46,2,287.54,1295.38
OD0125,ORD0916,P038,1689.38,3,57.58,5010.56
OD0126,ORD0182,P026,2062.02,3,208.91,5977.15
OD0127,ORD0874,P082,619.56,4,131.53,2346.7099999999996
OD0128,ORD0086,P092,1794.15,3,35.5,5346.950000000001
OD0129,ORD0467,P051,1402.71,2,271.1,2534.32
OD0130,ORD0926,P073,335.21,3,444.59,561.04
OD0131,ORD0053,P096,719.59,3,337.8,1820.97
OD0132,ORD0860,P053,3103.34,2,124.84,6081.84
OD0133,ORD0867,P056,268.54,3,286.79,518.8300000000002
OD0134,ORD0235,P059,3750.16,4,471.62,14529.019999999999
OD0135,ORD0959,P070,528.41,2,361.46,695.3599999999999
OD0136,ORD0779,P078,3237.1,2,344.74,6129.46
OD0137,ORD0799,P092,3614.74,1,484.08,3130.66
OD0138,ORD0433,P058,3776.32,1,399.44,3376.88
OD0139,ORD0496,P088,3496.41,2,68.31,6924.509999999999
OD0140,ORD0999,P013,1292.69,2,173.82,2411.56
OD0141,ORD0100,P043,1465.73,1,482.57,983.1600000000001
OD0142,ORD0990,P076,1820.87,4,244.85,7038.629999999999
OD0143,ORD0599,P051,729.33,3,55.82,2132.17
OD0144,ORD0403,P019,284.64,3,229.3,624.6199999999999
OD0145,ORD0396,P021,3502.66,3,348.5,10159.48
OD0146,ORD0527,P091,2305.69,2,498.77,4112.610000000001
OD0147,ORD0415,P083,2513.15,4,161.95,9890.65
OD0148,ORD0939,P024,3722.56,1,257.04,3465.52
OD0149,ORD0613,P026,2727.46,4,439.84,10470.0
OD0150,ORD0677,P045,2825.24,4,177.63,11123.33
OD0151,ORD0463,P028,3190.48,3,54.63,9516.810000000001
OD0152,ORD0541,P082,642.12,1,474.47,167.64999999999998
OD0153,ORD0626,P100,1568.62,4,244.22,6030.259999999999
OD0154,ORD0619,P029,3879.19,1,251.39,3627.8
OD0155,ORD0922,P017,3707.13,2,310.6,7103.66
OD0156,ORD0364,P068,3559.49,3,1.77,10676.699999999999
OD0157,ORD0130,P044,1917.94,1,465.57,1452.3700000000001
OD0158,ORD0084,P061,3457.33,2,180.73,6733.93
OD0159,ORD0271,P093,383.9,2,198.47,569.3299999999999
OD0160,ORD0244,P068,764.37,2,87.05,1441.69
OD0161,ORD0388,P074,1773.08,4,189.08,6903.24
OD0162,ORD0214,P025,2036.89,4,401.97,7745.59
OD0163,ORD0818,P095,1201.33,3,400.0,3203.99
OD0164,ORD0166,P067,1554.61,3,467.9,4195.93
OD0165,ORD0791,P002,818.55,2,201.61,1435.4899999999998
OD0166,ORD0059,P089,2058.71,3,354.36,5821.77
OD0167,ORD0602,P049,3216.6,4,253.62,12612.779999999999
OD0168,ORD0883,P070,2713.17,3,402.01,7737.5
OD0169,ORD0843,P026,609.61,1,356.27,253.34000000000003
OD0170,ORD0924,P072,2052.81,4,183.95,8027.29
OD0171,ORD0504,P099,2851.06,2,168.34,5533.78
OD0172,ORD0706,P027,2213.6,2,126.22,4300.98
OD0173,ORD0123,P089,1688.37,3,288.26,4776.849999999999
OD0174,ORD0648,P018,2563.27,4,481.92,9771.16
OD0175,ORD0413,P054,3880.83,2,100.03,7661.63
OD0176,ORD0139,P001,560.65,2,47.63,1073.6699999999998
OD0177,ORD0229,P061,1682.06,4,59.7,6668.54
OD0178,ORD0274,P003,1745.1,4,391.55,6588.849999999999
OD0179,ORD0439,P068,2392.48,2,175.05,4609.91
OD0180,ORD0562,P041,778.26,3,112.18,2222.6
OD0181,ORD0910,P037,871.24,3,176.42,2437.3
OD0182,ORD0118,P051,1284.37,3,322.67,3530.4399999999996
OD0183,ORD0714,P015,3832.31,1,273.39,3558.92
OD0184,ORD0995,P008,2989.61,4,371.79,11586.65
OD0185,ORD0905,P038,2714.43,2,169.54,5259.32
OD0186,ORD0483,P083,3304.44,1,226.01,3078.4300000000003
OD0187,ORD0395,P056,684.79,3,50.98,2003.3899999999999
OD0188,ORD0703,P047,3465.46,1,36.53,3428.93
OD0189,ORD0876,P090,2460.36,2,231.13,4689.59
OD0190,ORD0460,P010,1474.25,2,150.8,2797.7
OD0191,ORD0835,P078,3300.25,4,306.4,12894.6
OD0192,ORD0693,P049,3249.75,3,21.5,9727.75
OD0193,ORD0935,P041,3413.69,3,60.88,10180.19
OD0194,ORD0078,P083,638.97,1,432.6,206.37
OD0195,ORD0952,P030,3883.57,3,283.16,11367.550000000001
OD0196,ORD0412,P005,3846.58,1,356.03,3490.55
OD0197,ORD0075,P095,1558.38,2,420.99,2695.7700000000004
OD0198,ORD0295,P071,450.4,2,231.92,668.88
OD0199,ORD0793,P083,834.81,2,380.53,1289.09
OD0200,ORD0021,P031,3972.76,2,262.29,7683.2300000000005
OD0201,ORD0906,P052,2339.45,2,111.37,4567.53
OD0202,ORD0171,P088,1555.16,1,168.83,1386.3300000000002
OD0203,ORD0015,P098,1295.17,2,245.18,2345.1600000000003
OD0204,ORD0211,P023,1176.57,1,158.44,1018.1299999999999
OD0205,ORD0560,P048,2723.78,2,167.76,5279.8
OD0206,ORD0086,P040,1793.67,1,168.7,1624.97
OD0207,ORD0149,P006,3868.56,1,61.42,3807.14
OD0208,ORD0700,P038,2798.6,1,42.32,2756.2799999999997
OD0209,ORD0372,P041,3209.77,3,23.25,9606.06
OD0210,ORD0480,P100,1312.42,1,55.48,1256.94
OD0211,ORD0818,P027,500.91,1,171.85,329.06000000000006
OD0212,ORD0151,P075,2053.73,2,296.94,3810.52
OD0213,ORD0141,P069,1395.41,1,94.07,1301.3400000000001
OD0214,ORD0069,P057,967.92,1,444.0,523.92
OD0215,ORD0260,P017,3820.04,4,404.19,14875.97
OD0216,ORD0988,P071,1887.16,3,260.26,5401.22
OD0217,ORD0846,P091,863.89,4,362.1,3093.46
OD0218,ORD0968,P047,954.87,2,183.16,1726.58
OD0219,ORD0521,P079,1266.7,3,18.39,3781.7100000000005
OD0220,ORD0633,P013,3997.4,3,452.17,11540.03
OD0221,ORD0371,P011,1218.44,4,63.9,4809.860000000001
OD0222,ORD0419,P090,1449.45,3,473.97,3874.38
OD0223,ORD0101,P086,2705.45,4,285.94,10535.859999999999
OD0224,ORD0661,P092,1317.05,1,152.78,1164.27
OD0225,ORD0954,P024,1020.06,4,247.76,3832.4799999999996
OD0226,ORD0658,P093,802.82,3,250.81,2157.65
OD0227,ORD0865,P073,1388.19,3,11.64,4152.929999999999
OD0228,ORD0968,P004,602.48,2,177.73,1027.23
OD0229,ORD0243,P046,270.86,2,369.93,171.79000000000002
OD0230,ORD0753,P018,3257.64,2,255.03,6260.25
OD0231,ORD0512,P043,724.0,2,122.12,1325.88
OD0232,ORD0849,P080,3148.71,3,167.55,9278.580000000002
OD0233,ORD0555,P033,3230.66,2,431.53,6029.79
OD0234,ORD0095,P093,2244.09,4,262.77,8713.59
OD0235,ORD0226,P010,1376.79,1,264.18,1112.61
OD0236,ORD0518,P073,751.12,3,480.73,1772.63
OD0237,ORD0214,P059,2999.86,2,160.44,5839.280000000001
OD0238,ORD0718,P031,2485.27,3,239.77,7216.039999999999
OD0239,ORD0067,P028,2690.72,2,405.86,4975.58
OD0240,ORD0396,P060,232.94,3,379.46,319.35999999999996
OD0241,ORD0612,P003,3724.56,2,132.9,7316.22
OD0242,ORD0012,P055,451.9,1,75.55,376.34999999999997
OD0243,ORD0237,P014,1593.86,2,350.35,2837.37
OD0244,ORD0834,P058,1730.3,4,128.83,6792.37
OD0245,ORD0770,P089,205.15,3,461.34,154.11000000000007
OD0246,ORD0399,P015,2088.94,3,64.62,6202.2
OD0247,ORD0407,P002,3060.67,4,159.16,12083.52
OD0248,ORD0925,P024,3328.42,4,27.39,13286.29
OD0249,ORD0849,P078,3541.71,1,351.65,3190.06
OD0250,ORD0480,P064,2053.33,3,445.63,5714.36
OD0251,ORD0647,P071,2596.42,1,317.94,2278.48
OD0252,ORD0222,P100,502.17,3,468.88,1037.63
OD0253,ORD0156,P024,2054.55,3,64.25,6099.400000000001
OD0254,ORD0654,P027,788.3,1,43.87,744.43
OD0255,ORD0428,P037,1604.64,3,419.21,4394.71
OD0256,ORD0158,P094,1451.36,3,427.76,3926.3199999999997
OD0257,ORD0977,P091,1809.45,1,415.52,1393.93
OD0258,ORD0416,P039,2372.22,2,399.48,4344.959999999999
OD0259,ORD0326,P063,3630.93,1,181.11,3449.8199999999997
OD0260,ORD0371,P079,1699.04,3,108.73,4988.39
OD0261,ORD0344,P026,3928.3,4,464.4,15248.800000000001
OD0262,ORD0262,P065,3084.31,2,153.5,6015.12
OD0263,ORD0283,P004,2143.63,4,199.2,8375.32
OD0264,ORD0850,P029,2647.3,2,349.78,4944.820000000001
OD0265,ORD0856,P001,588.45,4,146.68,2207.1200000000003
OD0266,ORD0229,P050,3409.18,2,409.57,6408.79
OD0267,ORD0888,P086,2412.96,1,35.02,2377.94
OD0268,ORD0280,P011,3947.06,2,395.59,7498.53
OD0269,ORD0870,P074,2618.43,2,300.93,4935.929999999999
OD0270,ORD0290,P059,3369.62,2,286.5,6452.74
OD0271,ORD0680,P062,3239.1,3,229.19,9488.109999999999
OD0272,ORD0047,P081,1512.75,4,138.52,5912.48
OD0273,ORD0975,P036,1186.52,1,232.04,954.48
OD0274,ORD0715,P056,1835.88,4,225.01,7118.51
OD0275,ORD0214,P090,1975.52,4,291.88,7610.2
OD0276,ORD0758,P021,1112.32,1,140.79,971.53
OD0277,ORD0024,P013,3599.47,3,38.8,10759.61
OD0278,ORD0321,P009,2261.68,2,72.54,4450.82
OD0279,ORD0274,P011,3918.09,3,349.59,11404.68
OD0280,ORD0556,P075,3278.07,3,11.25,9822.960000000001
OD0281,ORD0844,P070,2311.68,2,428.22,4195.139999999999
OD0282,ORD0313,P001,3798.75,4,347.2,14847.8
OD0283,ORD0363,P070,2118.52,2,384.04,3853.0
OD0284,ORD0668,P077,3571.0,1,417.99,3153.01
OD0285,ORD1000,P086,1560.95,2,61.36,3060.54
OD0286,ORD0380,P056,1638.84,4,411.23,6144.129999999999
OD0287,ORD0711,P031,1788.9,3,252.32,5114.380000000001
OD0288,ORD0919,P086,2277.18,3,442.76,6388.779999999999
OD0289,ORD0981,P037,2303.26,2,443.29,4163.2300000000005
OD0290,ORD0674,P047,2086.32,1,12.09,2074.23
OD0291,ORD0907,P091,1362.8,4,191.43,5259.7699999999995
OD0292,ORD0470,P078,3723.38,3,263.2,10906.939999999999
OD0293,ORD0746,P047,2436.63,2,339.18,4534.08
OD0294,ORD0675,P069,1749.41,1,143.09,1606.3200000000002
OD0295,ORD0116,P058,2674.47,1,126.07,2548.3999999999996
OD0296,ORD0605,P036,3118.27,3,190.63,9164.18
OD0297,ORD0042,P032,3850.77,3,250.47,11301.84
OD0298,ORD0796,P098,2098.29,4,475.57,7917.59
OD0299,ORD0379,P064,625.97,1,381.05,244.92000000000002
OD0300,ORD0722,P071,1874.91,4,214.66,7284.9800000000005
OD0301,ORD0206,P042,2020.09,1,27.18,1992.9099999999999
OD0302,ORD0466,P048,3608.58,1,84.26,3524.3199999999997
OD0303,ORD0732,P074,1700.24,2,227.96,3172.52
OD0304,ORD0280,P081,3822.63,3,406.91,11060.98
OD0305,ORD0648,P030,2043.5,1,190.35,1853.15
OD0306,ORD0618,P021,3900.37,4,269.25,15332.23
OD0307,ORD0118,P060,231.15,3,445.9,247.55000000000007
OD0308,ORD0237,P013,3615.5,4,456.9,14005.1
OD0309,ORD0309,P001,3738.26,3,107.89,11106.890000000001
OD0310,ORD0456,P065,3851.88,3,21.8,11533.84
OD0311,ORD0900,P033,249.69,1,152.71,96.97999999999999
OD0312,ORD0475,P038,852.46,2,347.9,1357.02
OD0313,ORD0100,P025,2684.31,1,475.56,2208.75
OD0314,ORD0261,P026,296.8,3,38.52,851.8800000000001
OD0315,ORD0993,P077,441.71,1,14.24,427.46999999999997
OD0316,ORD0305,P059,1040.1,1,442.07,598.03
OD0317,ORD0354,P092,2147.27,3,374.07,6067.74
OD0318,ORD0286,P033,2274.43,3,496.12,6327.169999999999
OD0319,ORD0328,P041,330.19,1,198.4,131.79
OD0320,ORD0103,P030,847.4,1,208.03,639.37
OD0321,ORD0063,P057,2098.88,1,86.16,2012.72
OD0322,ORD0687,P049,2456.97,4,57.92,9769.96
OD0323,ORD0282,P048,763.93,1,289.36,474.56999999999994
OD0324,ORD0441,P072,1715.6,4,182.14,6680.259999999999
OD0325,ORD0293,P049,3636.73,2,40.16,7233.3
OD0326,ORD0738,P047,3995.82,4,443.49,15539.79
OD0327,ORD0007,P056,3951.41,1,99.18,3852.23
OD0328,ORD0639,P065,3550.36,2,374.29,6726.43
OD0329,ORD0936,P012,1699.71,4,141.11,6657.7300000000005
OD0330,ORD0092,P069,2808.98,4,406.45,10829.47
OD0331,ORD0935,P088,1783.05,3,59.2,5289.95
OD0332,ORD0190,P006,2664.4,2,378.04,4950.76
OD0333,ORD0871,P089,1375.84,3,49.06,4078.4599999999996
OD0334,ORD0476,P065,2503.57,2,223.46,4783.68
OD0335,ORD0511,P025,2190.28,4,367.0,8394.12
OD0336,ORD0462,P001,293.03,3,86.61,792.4799999999999
OD0337,ORD0053,P032,3204.67,1,142.83,3061.84
OD0338,ORD0754,P003,245.21,4,432.38,548.46
OD0339,ORD0486,P049,1313.99,2,442.56,2185.42
OD0340,ORD0644,P019,222.51,2,22.47,422.54999999999995
OD0341,ORD0490,P060,1629.57,3,84.05,4804.66
OD0342,ORD0978,P029,440.01,3,58.74,1261.29
OD0343,ORD0364,P050,3671.34,2,89.85,7252.83
OD0344,ORD0112,P002,1779.58,4,485.09,6633.23
OD0345,ORD0409,P073,1946.08,3,275.83,5562.41
OD0346,ORD0007,P056,1529.43,1,234.06,1295.3700000000001
OD0347,ORD0742,P017,2584.52,2,492.23,4676.8099999999995
OD0348,ORD0668,P060,3180.75,1,278.48,2902.27
OD0349,ORD0197,P036,2662.96,2,330.56,4995.36
OD0350,ORD0835,P061,3043.19,1,166.39,2876.8
OD0351,ORD0876,P017,3642.7,4,191.06,14379.74
OD0352,ORD0735,P049,3481.48,2,297.2,6665.76
OD0353,ORD0367,P076,2761.42,4,34.89,11010.79
OD0354,ORD0250,P060,1015.62,3,127.94,2918.92
OD0355,ORD0916,P020,2623.27,2,98.41,5148.13
OD0356,ORD0595,P050,2123.12,4,7.95,8484.529999999999
OD0357,ORD0240,P003,2925.43,1,268.45,2656.98
OD0358,ORD0380,P043,3365.14,4,280.53,13180.029999999999
OD0359,ORD0907,P057,3022.34,2,191.97,5852.71
OD0360,ORD0872,P050,3416.93,4,134.36,13533.359999999999
OD0361,ORD0835,P068,442.69,1,326.03,116.66000000000003
OD0362,ORD0471,P081,320.16,1,67.33,252.83000000000004
OD0363,ORD0775,P050,1182.3,1,259.31,922.99
OD0364,ORD0919,P037,3622.53,3,384.04,10483.55
OD0365,ORD0701,P046,3329.91,2,82.15,6577.67
OD0366,ORD0455,P042,2794.36,1,376.63,2417.73
OD0367,ORD0366,P015,2862.88,3,380.4,8208.24
OD0368,ORD0290,P033,2961.35,1,29.96,2931.39
OD0369,ORD0874,P080,3781.89,4,9.39,15118.17
OD0370,ORD0403,P011,3362.33,2,486.97,6237.69
OD0371,ORD0058,P020,2568.88,4,96.69,10178.83
OD0372,ORD0521,P024,2729.72,3,411.07,7778.09
OD0373,ORD0304,P064,1012.21,4,280.93,3767.9100000000003
OD0374,ORD0115,P080,2697.81,4,132.24,10659.0
OD0375,ORD0210,P094,1813.78,1,64.99,1748.79
OD0376,ORD0041,P098,781.26,4,248.34,2876.7
OD0377,ORD0816,P065,3264.33,1,203.68,3060.65
OD0378,ORD0173,P088,2138.94,1,349.44,1789.5
OD0379,ORD0234,P088,3914.22,2,452.08,7376.36
OD0380,ORD0793,P073,1270.38,3,402.62,3408.5200000000004
OD0381,ORD0884,P086,2026.55,3,137.23,5942.42
OD0382,ORD0590,P076,1902.38,3,439.47,5267.67
OD0383,ORD0620,P017,658.96,1,416.7,242.26000000000005
OD0384,ORD0793,P089,1819.24,3,464.57,4993.150000000001
OD0385,ORD0403,P092,1292.7,1,229.33,1063.3700000000001
OD0386,ORD0039,P061,809.22,2,384.29,1234.15
OD0387,ORD0119,P015,1272.19,3,295.83,3520.7400000000002
OD0388,ORD0335,P094,1086.36,1,155.25,931.1099999999999
OD0389,ORD0336,P051,2989.48,3,497.22,8471.220000000001
OD0390,ORD0539,P027,316.95,3,19.15,931.6999999999999
OD0391,ORD0616,P086,2546.36,2,81.14,5011.58
OD0392,ORD0074,P074,3090.51,4,446.27,11915.77
OD0393,ORD0191,P061,2026.75,3,30.28,6049.97
OD0394,ORD0324,P058,3739.95,2,443.41,7036.49
OD0395,ORD0147,P031,2889.95,3,357.61,8312.239999999998
OD0396,ORD0767,P091,3042.11,3,18.34,9107.99
OD0397,ORD0284,P012,948.35,3,214.66,2630.3900000000003
OD0398,ORD0213,P046,3153.72,3,377.24,9083.92
OD0399,ORD0635,P031,3361.96,4,291.55,13156.29
OD0400,ORD0718,P032,1572.81,4,467.94,5823.3
OD0401,ORD0929,P032,1010.78,3,433.82,2598.52
OD0402,ORD0752,P099,1663.19,3,166.32,4823.25
OD0403,ORD0394,P053,3010.51,2,42.31,5978.71
OD0404,ORD0339,P061,1787.03,2,472.13,3101.93
OD0405,ORD0798,P046,2999.28,1,258.64,2740.6400000000003
OD0406,ORD0022,P085,631.55,4,37.2,2489.0
OD0407,ORD0771,P074,3262.84,3,408.29,9380.23
OD0408,ORD0869,P080,1162.19,4,434.25,4214.51
OD0409,ORD0105,P007,1145.93,2,319.71,1972.15
OD0410,ORD0466,P004,2443.45,4,223.75,9550.05
OD0411,ORD0459,P091,466.45,4,331.09,1534.71
OD0412,ORD0432,P052,299.93,3,353.34,546.45
OD0413,ORD0770,P089,1191.91,3,446.51,3129.2200000000003
OD0414,ORD0716,P031,2244.66,2,477.93,4011.39
OD0415,ORD0822,P075,3648.94,3,257.16,10689.66
OD0416,ORD0774,P084,3416.45,2,399.25,6433.65
OD0417,ORD0619,P036,2063.7,2,482.25,3645.1499999999996
OD0418,ORD0763,P054,340.8,1,75.62,265.18
OD0419,ORD0936,P054,2233.96,1,9.13,2224.83
OD0420,ORD0221,P017,2878.22,1,434.48,2443.74
OD0421,ORD0379,P075,1488.83,4,97.64,5857.679999999999
OD0422,ORD0222,P030,622.04,1,21.24,600.8
OD0423,ORD0258,P099,1258.56,3,80.05,3695.6299999999997
OD0424,ORD0713,P022,3132.04,3,192.06,9204.06
OD0425,ORD0367,P043,1534.73,1,109.63,1425.1
OD0426,ORD0770,P027,3285.53,4,152.63,12989.490000000002
OD0427,ORD0349,P037,1414.18,2,487.65,2340.71
OD0428,ORD0225,P046,821.51,4,352.2,2933.84
OD0429,ORD0714,P035,1856.22,4,356.1,7068.78
OD0430,ORD0738,P004,1918.64,2,47.34,3789.94
OD0431,ORD0236,P080,261.21,2,366.05,156.36999999999995
OD0432,ORD0183,P080,644.77,2,369.67,919.8699999999999
OD0433,ORD0712,P085,902.72,3,329.87,2378.29
OD0434,ORD0869,P026,631.63,2,114.22,1149.04
OD0435,ORD0758,P100,1497.8,2,211.52,2784.08
OD0436,ORD0444,P019,3865.57,4,423.14,15039.140000000001
OD0437,ORD0865,P081,2135.05,4,335.1,8205.1
OD0438,ORD0623,P045,2584.71,1,366.38,2218.33
OD0439,ORD0006,P026,1554.27,4,293.69,5923.39
OD0440,ORD0236,P022,1429.25,2,224.79,2633.71
OD0441,ORD0127,P058,287.96,3,379.53,484.3499999999999
OD0442,ORD0104,P063,2101.27,4,33.96,8371.12
OD0443,ORD0749,P028,2037.71,4,336.58,7814.26
OD0444,ORD0915,P065,799.76,2,498.6,1100.92
OD0445,ORD0480,P044,3104.43,4,390.1,12027.619999999999
OD0446,ORD0155,P100,2072.16,4,145.28,8143.36
OD0447,ORD0257,P043,1488.18,2,138.91,2837.4500000000003
OD0448,ORD0235,P037,758.25,4,333.61,2699.39
OD0449,ORD0500,P066,2298.21,3,447.93,6446.7
OD0450,ORD0289,P017,3060.7,1,288.97,2771.7299999999996
OD0451,ORD0510,P040,1271.6,4,263.7,4822.7
OD0452,ORD0552,P038,1031.42,3,80.19,3014.07
OD0453,ORD0800,P085,2183.35,4,357.73,8375.67
OD0454,ORD0709,P061,790.3,1,351.15,439.15
OD0455,ORD0785,P009,2733.13,2,483.48,4982.780000000001
OD0456,ORD0894,P077,2500.31,1,150.1,2350.21
OD0457,ORD0776,P075,530.91,4,378.22,1745.4199999999998
OD0458,ORD0569,P061,338.78,1,217.03,121.74999999999997
OD0459,ORD0298,P080,2557.1,1,279.24,2277.8599999999997
OD0460,ORD0610,P016,1318.32,2,408.23,2228.41
OD0461,ORD0137,P002,528.49,4,111.0,2002.96
OD0462,ORD0376,P072,3085.83,1,171.43,2914.4
OD0463,ORD0087,P043,1393.37,1,386.65,1006.7199999999999
OD0464,ORD0419,P042,1946.48,2,285.23,3607.73
OD0465,ORD0754,P077,1099.89,3,46.21,3253.46
OD0466,ORD0199,P057,2583.8,4,215.09,10120.11
OD0467,ORD0463,P081,1345.66,3,293.32,3743.6600000000003
OD0468,ORD0437,P088,3878.48,3,454.76,11180.68
OD0469,ORD0310,P067,2871.2,2,94.24,5648.16
OD0470,ORD0596,P030,719.54,2,402.98,1036.1
OD0471,ORD0754,P013,1783.44,4,65.31,7068.45
OD0472,ORD0281,P019,1664.6,3,121.12,4872.679999999999
OD0473,ORD0323,P007,2230.14,1,121.67,2108.47
OD0474,ORD0764,P009,3399.34,3,438.74,9759.28
OD0475,ORD0702,P083,2417.0,2,99.51,4734.49
OD0476,ORD0951,P054,433.92,1,393.48,40.44
OD0477,ORD0942,P086,2690.58,1,230.9,2459.68
OD0478,ORD0152,P082,231.41,2,499.55,-36.73000000000002
OD0479,ORD0994,P061,3163.85,1,419.55,2744.2999999999997
OD0480,ORD0302,P087,2733.22,3,369.85,7829.8099999999995
OD0481,ORD0278,P002,1373.39,2,435.36,2311.42
OD0482,ORD0651,P050,1311.28,4,317.02,4928.1
OD0483,ORD0688,P075,3233.44,2,421.83,6045.05
OD0484,ORD0008,P031,3176.68,4,130.56,12576.16
OD0485,ORD0807,P033,1538.75,4,48.85,6106.15
OD0486,ORD0235,P078,1336.0,2,307.97,2364.0299999999997
OD0487,ORD0675,P080,2327.33,2,217.35,4437.3099999999995
OD0488,ORD0561,P011,231.79,4,213.22,713.9399999999999
OD0489,ORD0302,P033,514.13,4,263.37,1793.15
OD0490,ORD0038,P007,679.44,1,180.69,498.75000000000006
OD0491,ORD0136,P031,904.56,2,313.03,1496.09
OD0492,ORD0822,P048,2145.67,2,15.28,4276.06
OD0493,ORD0421,P047,3970.52,1,484.95,3485.57
OD0494,ORD0219,P078,2679.93,2,462.35,4897.509999999999
OD0495,ORD0348,P092,432.94,1,467.64,-34.69999999999999
OD0496,ORD0808,P053,2197.2,1,182.5,2014.6999999999998
OD0497,ORD0546,P080,2087.25,2,265.95,3908.55
OD0498,ORD0864,P019,747.84,3,477.07,1766.45
OD0499,ORD0079,P081,3697.04,4,451.17,14336.99
OD0500,ORD0748,P090,1874.91,2,395.12,3354.7000000000003
OD0501,ORD0895,P006,3979.32,3,203.67,11734.29
OD0502,ORD0273,P049,1796.27,1,282.17,1514.1
OD0503,ORD0161,P073,2510.24,3,396.46,7134.259999999999
OD0504,ORD0687,P050,598.1,2,136.51,1059.69
OD0505,ORD0878,P081,1926.07,2,313.22,3538.92
OD0506,ORD0308,P095,1107.31,3,413.97,2907.96
OD0507,ORD0374,P012,3375.15,2,353.73,6396.57
OD0508,ORD0976,P023,3178.89,4,239.74,12475.82
OD0509,ORD0733,P054,3331.88,3,292.3,9703.34
OD0510,ORD0009,P069,2949.72,1,494.34,2455.3799999999997
OD0511,ORD0801,P100,3364.2,3,300.99,9791.609999999999
OD0512,ORD0444,P059,963.15,3,392.81,2496.64
OD0513,ORD0113,P036,1917.77,3,363.3,5390.009999999999
OD0514,ORD0989,P003,2829.02,3,350.75,8136.3099999999995
OD0515,ORD0205,P058,2622.09,1,358.18,2263.9100000000003
OD0516,ORD0405,P088,2922.15,1,227.2,2694.9500000000003
OD0517,ORD0698,P055,1052.18,1,237.08,815.1
OD0518,ORD0853,P057,574.05,3,233.93,1488.2199999999998
OD0519,ORD0197,P017,3683.86,4,16.63,14718.810000000001
OD0520,ORD0778,P039,2328.65,4,120.53,9194.07
OD0521,ORD0774,P090,784.54,1,77.28,707.26
OD0522,ORD0760,P068,3215.06,4,443.22,12417.02
OD0523,ORD0115,P055,3676.73,4,137.48,14569.44
OD0524,ORD0121,P045,844.34,4,69.22,3308.1400000000003
OD0525,ORD0653,P076,3306.17,4,59.88,13164.800000000001
OD0526,ORD0065,P001,3746.26,4,349.99,14635.050000000001
OD0527,ORD0276,P021,3765.77,2,3.04,7528.5
OD0528,ORD0825,P083,3673.79,1,235.65,3438.14
OD0529,ORD0239,P021,2276.4,3,59.44,6769.760000000001
OD0530,ORD0302,P052,1553.6,4,424.83,5789.57
OD0531,ORD0392,P082,227.64,2,479.23,-23.950000000000045
OD0532,ORD0522,P043,431.47,3,479.38,815.0300000000001
OD0533,ORD0969,P052,1829.59,2,220.98,3438.2
OD0534,ORD0369,P067,1717.44,4,322.26,6547.5
OD0535,ORD0233,P044,901.91,4,299.85,3307.79
OD0536,ORD0195,P032,1702.82,4,175.02,6636.259999999999
OD0537,ORD0907,P010,863.67,4,222.03,3232.6499999999996
OD0538,ORD0012,P064,3425.41,3,32.16,10244.07
OD0539,ORD0906,P079,1333.14,3,397.85,3601.57
OD0540,ORD0921,P069,2474.54,2,120.4,4828.68
OD0541,ORD0689,P068,2110.8,1,230.26,1880.5400000000002
OD0542,ORD0177,P028,397.15,4,240.31,1348.29
OD0543,ORD0217,P053,3780.49,2,280.36,7280.62
OD0544,ORD0011,P051,2203.46,2,408.94,3997.98
OD0545,ORD0446,P053,1435.22,2,345.94,2524.5
OD0546,ORD0630,P004,800.88,4,331.53,2871.99
OD0547,ORD0164,P079,1486.4,4,263.37,5682.2300000000005
OD0548,ORD0551,P017,277.94,2,47.98,507.9
OD0549,ORD0053,P067,1581.52,4,201.0,6125.08
OD0550,ORD0218,P074,2219.65,2,478.66,3960.6400000000003
OD0551,ORD0718,P047,3513.09,3,497.77,10041.5
OD0552,ORD0999,P056,2812.02,4,365.25,10882.83
OD0553,ORD0824,P023,624.01,3,113.76,1758.27
OD0554,ORD0360,P018,761.44,1,50.95,710.49
OD0555,ORD0385,P001,1826.87,4,207.38,7100.099999999999
OD0556,ORD0056,P035,943.69,1,428.29,515.4000000000001
OD0557,ORD0118,P064,305.83,2,360.93,250.72999999999996
OD0558,ORD0900,P058,3259.06,4,441.95,12594.289999999999
OD0559,ORD0253,P095,274.19,4,307.89,788.87
OD0560,ORD0798,P059,3356.62,4,65.16,13361.32
OD0561,ORD0780,P001,747.6,1,57.4,690.2
OD0562,ORD0803,P003,3903.78,1,24.0,3879.78
OD0563,ORD0845,P067,2494.72,2,283.54,4705.9
OD0564,ORD0180,P037,2992.94,3,121.44,8857.38
OD0565,ORD0415,P083,619.84,3,367.19,1492.33
OD0566,ORD0870,P029,3476.0,1,343.12,3132.88
OD0567,ORD0235,P089,3388.93,4,159.06,13396.66
OD0568,ORD0855,P033,2681.37,3,88.4,7955.71
OD0569,ORD0708,P100,2108.64,3,51.2,6274.72
OD0570,ORD0820,P061,2941.66,1,368.66,2573.0
OD0571,ORD0080,P093,222.53,2,225.22,219.84
OD0572,ORD0647,P090,2451.27,1,161.76,2289.51
OD0573,ORD0022,P004,3420.14,1,428.33,2991.81
OD0574,ORD0477,P014,1556.22,4,296.81,5928.07
OD0575,ORD0843,P091,611.5,1,259.0,352.5
OD0576,ORD0440,P033,1799.33,4,371.69,6825.63
OD0577,ORD0737,P022,2963.0,2,407.79,5518.21
OD0578,ORD0570,P048,607.74,4,343.04,2087.92
OD0579,ORD0093,P003,982.98,2,220.0,1745.96
OD0580,ORD0192,P087,760.7,2,189.65,1331.75
OD0581,ORD0103,P085,3228.4,2,385.83,6070.97
OD0582,ORD0396,P023,438.99,1,258.95,180.04000000000002
OD0583,ORD0007,P068,2809.03,4,352.19,10883.93
OD0584,ORD0640,P021,1592.54,3,445.2,4332.42
OD0585,ORD0567,P043,3072.01,1,457.95,2614.0600000000004
OD0586,ORD0231,P095,3864.66,2,138.86,7590.46
OD0587,ORD0874,P085,635.27,3,93.94,1811.87
OD0588,ORD0574,P026,1394.66,1,130.64,1264.02
OD0589,ORD0240,P041,3278.48,3,375.69,9459.75
OD0590,ORD0090,P099,1211.4,2,185.03,2237.77
OD0591,ORD0232,P038,1017.46,3,86.69,2965.69
OD0592,ORD0457,P088,3336.44,3,49.19,9960.13
OD0593,ORD0233,P011,3950.91,2,163.66,7738.16
OD0594,ORD0354,P029,2316.15,3,68.07,6880.380000000001
OD0595,ORD0333,P060,1256.59,1,78.19,1178.3999999999999
OD0596,ORD0439,P067,1714.55,3,341.94,4801.71
OD0597,ORD0375,P065,846.5,4,9.87,3376.13
OD0598,ORD0292,P061,3095.17,1,58.78,3036.39
OD0599,ORD0345,P019,3139.2,3,422.18,8995.419999999998
OD0600,ORD0664,P046,3525.46,4,422.46,13679.380000000001
OD0601,ORD0428,P049,301.09,4,164.62,1039.7399999999998
OD0602,ORD0657,P022,2335.53,4,43.98,9298.140000000001
OD0603,ORD0130,P078,1014.17,3,352.49,2690.0199999999995
OD0604,ORD0141,P057,1495.36,2,180.07,2810.6499999999996
OD0605,ORD0415,P014,3182.83,4,22.73,12708.59
OD0606,ORD0093,P044,929.73,2,78.91,1780.55
OD0607,ORD0626,P016,2625.7,1,68.61,2557.0899999999997
OD0608,ORD0284,P097,2687.35,2,294.56,5080.139999999999
OD0609,ORD0956,P077,3825.56,2,449.06,7202.0599999999995
OD0610,ORD0923,P012,3145.61,2,396.54,5894.68
OD0611,ORD0655,P055,3253.81,2,273.26,6234.36
OD0612,ORD0223,P051,2220.08,2,211.08,4229.08
OD0613,ORD0744,P039,909.77,1,309.34,600.4300000000001
OD0614,ORD0463,P033,1817.14,1,221.91,1595.23
OD0615,ORD0545,P033,2288.06,2,123.05,4453.07
OD0616,ORD0276,P029,2777.99,2,339.6,5216.379999999999
OD0617,ORD0682,P069,2509.29,4,436.62,9600.539999999999
OD0618,ORD0140,P070,1697.12,1,186.44,1510.6799999999998
OD0619,ORD0357,P031,1208.19,3,420.77,3203.8
OD0620,ORD0713,P080,839.28,1,215.54,623.74
OD0621,ORD0023,P031,2836.61,3,200.67,8309.16
OD0622,ORD0968,P089,2652.51,4,14.16,10595.880000000001
OD0623,ORD0736,P046,2812.02,2,347.64,5276.4
OD0624,ORD0880,P097,1615.6,4,403.75,6058.65
OD0625,ORD0270,P077,1197.15,2,331.78,2062.5200000000004
OD0626,ORD0859,P052,3086.94,1,75.68,3011.26
OD0627,ORD0665,P010,3139.86,2,51.65,6228.070000000001
OD0628,ORD0333,P088,1931.34,3,286.43,5507.589999999999
OD0629,ORD0085,P074,2525.24,3,200.76,7374.959999999999
OD0630,ORD0621,P041,1619.37,4,214.55,6262.929999999999
OD0631,ORD0031,P095,2867.4,1,483.9,2383.5
OD0632,ORD0741,P077,3375.74,3,361.96,9765.26
OD0633,ORD0240,P003,2815.29,4,205.89,11055.27
OD0634,ORD0890,P059,2147.81,1,9.55,2138.2599999999998
OD0635,ORD0363,P052,1942.9,1,17.05,1925.8500000000001
OD0636,ORD0822,P034,2640.81,4,342.4,10220.84
OD0637,ORD0389,P049,2783.28,3,418.87,7930.97
OD0638,ORD0653,P028,2323.17,3,353.85,6615.66
OD0639,ORD0668,P083,2574.78,4,202.94,10096.18
OD0640,ORD0299,P087,567.04,3,15.57,1685.55
OD0641,ORD0857,P096,3816.71,4,483.7,14783.14
OD0642,ORD0371,P013,3204.94,3,493.17,9121.65
OD0643,ORD0099,P097,1620.93,3,274.68,4588.11
OD0644,ORD0047,P098,2338.69,4,35.34,9319.42
OD0645,ORD0999,P097,379.83,4,270.49,1248.83
OD0646,ORD0839,P069,356.67,3,446.17,623.8399999999999
OD0647,ORD0422,P067,1153.03,4,339.99,4272.13
OD0648,ORD0480,P061,2820.87,3,359.99,8102.620000000001
OD0649,ORD0579,P060,3438.16,2,42.48,6833.84
OD0650,ORD0062,P071,2324.91,1,53.26,2271.6499999999996
OD0651,ORD0109,P024,2222.1,1,63.67,2158.43
OD0652,ORD0679,P063,1728.78,3,452.19,4734.150000000001
OD0653,ORD0549,P086,814.07,1,262.92,551.1500000000001
OD0654,ORD0119,P061,649.75,3,395.79,1553.46
OD0655,ORD0598,P023,3090.58,4,57.65,12304.67
OD0656,ORD0382,P030,3724.51,2,463.82,6985.200000000001
OD0657,ORD0392,P060,1941.48,1,410.57,1530.91
OD0658,ORD0977,P018,2705.89,1,112.38,2593.5099999999998
OD0659,ORD0052,P096,3674.94,4,437.09,14262.67
OD0660,ORD0603,P056,542.43,2,131.72,953.1399999999999
OD0661,ORD0289,P053,3127.83,2,102.67,6152.99
OD0662,ORD0337,P007,2543.9,2,132.12,4955.68
OD0663,ORD0810,P097,2474.82,4,454.98,9444.300000000001
OD0664,ORD0204,P069,1311.65,1,457.8,853.8500000000001
OD0665,ORD0880,P092,2798.79,1,164.5,2634.29
OD0666,ORD0238,P072,3220.23,2,352.72,6087.74
OD0667,ORD0382,P079,628.86,4,337.87,2177.57
OD0668,ORD0667,P052,2227.38,4,403.28,8506.24
OD0669,ORD0752,P004,584.81,4,148.25,2190.99
OD0670,ORD0136,P034,3515.78,2,255.07,6776.490000000001
OD0671,ORD0407,P069,2129.02,4,333.84,8182.24
OD0672,ORD0508,P033,3270.27,2,13.13,6527.41
OD0673,ORD0362,P069,1598.73,2,188.37,3009.09
OD0674,ORD0381,P038,675.3,2,347.94,1002.6599999999999
OD0675,ORD0881,P098,357.7,3,126.3,946.8
OD0676,ORD0576,P026,1269.74,2,478.85,2060.63
OD0677,ORD0635,P001,1128.09,4,15.08,4497.28
OD0678,ORD0254,P004,2329.34,3,479.04,6508.9800000000005
OD0679,ORD0477,P039,282.61,1,108.38,174.23000000000002
OD0680,ORD0114,P054,2178.17,1,24.41,2153.76
OD0681,ORD0020,P090,1688.73,4,146.24,6608.68
OD0682,ORD0528,P033,2393.06,4,393.14,9179.1
OD0683,ORD0145,P033,2869.19,4,376.22,11100.54
OD0684,ORD0208,P072,2609.55,4,104.42,10333.78
OD0685,ORD0531,P020,3941.65,3,98.4,11726.550000000001
OD0686,ORD0376,P016,725.41,4,321.29,2580.35
OD0687,ORD0504,P021,1833.0,2,229.04,3436.96
OD0688,ORD0904,P045,1814.36,1,396.14,1418.2199999999998
OD0689,ORD0166,P090,1784.8,4,12.07,7127.13
OD0690,ORD0550,P087,2722.43,2,305.21,5139.65
OD0691,ORD0181,P082,2061.35,4,365.34,7880.0599999999995
OD0692,ORD0861,P062,2166.24,2,496.69,3835.7899999999995
OD0693,ORD0617,P031,1842.95,3,339.39,5189.46
OD0694,ORD0612,P042,3968.46,1,115.92,3852.54
OD0695,ORD0602,P012,3724.73,1,54.09,3670.64
OD0696,ORD0927,P065,1369.35,3,320.46,3787.5899999999992
OD0697,ORD0812,P073,624.06,2,261.59,986.53
OD0698,ORD0444,P003,3391.11,4,449.57,13114.87
OD0699,ORD0332,P090,3989.25,2,363.3,7615.2
OD0700,ORD0503,P009,1311.91,1,254.87,1057.04
OD0701,ORD0913,P051,1559.58,3,201.79,4476.95
OD0702,ORD0079,P016,3778.21,3,202.19,11132.44
OD0703,ORD0585,P088,2902.29,2,113.15,5691.43
OD0704,ORD0935,P078,1323.43,2,8.66,2638.2000000000003
OD0705,ORD0938,P003,2407.98,3,287.46,6936.4800000000005
OD0706,ORD0688,P098,3788.07,1,106.21,3681.86
OD0707,ORD0396,P097,3284.89,4,104.16,13035.4
OD0708,ORD0608,P024,3018.96,4,62.69,12013.15
OD0709,ORD0857,P073,3000.59,2,94.8,5906.38
OD0710,ORD0103,P013,876.48,3,15.89,2613.55
OD0711,ORD0402,P002,3333.79,3,337.12,9664.249999999998
OD0712,ORD0975,P071,1249.25,3,200.7,3547.05
OD0713,ORD0224,P021,3735.39,1,280.76,3454.63
OD0714,ORD0518,P019,1585.63,2,318.48,2852.78
OD0715,ORD0634,P089,3459.11,2,486.24,6431.9800000000005
OD0716,ORD0236,P047,1211.69,2,34.13,2389.25
OD0717,ORD0427,P022,2155.2,1,208.96,1946.2399999999998
OD0718,ORD0116,P075,606.16,2,122.95,1089.37
OD0719,ORD0163,P033,2708.45,4,238.36,10595.439999999999
OD0720,ORD0226,P032,3377.1,2,460.24,6293.96
OD0721,ORD0230,P064,2930.1,2,361.99,5498.21
OD0722,ORD0182,P085,2188.38,2,330.97,4045.79
OD0723,ORD0249,P039,371.44,1,220.62,150.82
OD0724,ORD0318,P084,3747.08,4,335.56,14652.76
OD0725,ORD0965,P072,2880.86,4,16.19,11507.25
OD0726,ORD0210,P042,3034.28,3,293.12,8809.72
OD0727,ORD0656,P009,3219.79,3,276.89,9382.48
OD0728,ORD0392,P025,3041.43,4,173.32,11992.4
OD0729,ORD0857,P089,1876.24,2,100.76,3651.72
OD0730,ORD0096,P097,2987.76,2,403.78,5571.740000000001
OD0731,ORD0894,P002,2575.1,2,26.93,5123.2699999999995
OD0732,ORD0858,P019,3445.26,1,34.84,3410.42
OD0733,ORD0756,P020,3249.35,2,220.26,6278.44
OD0734,ORD0086,P093,357.22,1,126.28,230.94000000000003
OD0735,ORD0415,P070,1639.77,4,372.73,6186.35
OD0736,ORD0394,P017,331.92,2,317.1,346.74
OD0737,ORD0696,P089,587.88,2,386.27,789.49
OD0738,ORD0633,P068,2485.36,3,162.34,7293.74
OD0739,ORD0844,P094,3520.52,4,370.26,13711.82
OD0740,ORD0501,P084,655.33,2,431.15,879.5100000000001
OD0741,ORD0604,P003,1914.14,1,172.64,1741.5
OD0742,ORD0582,P087,3661.34,4,169.95,14475.41
OD0743,ORD0916,P051,3294.34,3,449.98,9433.04
OD0744,ORD0133,P082,2174.74,4,24.9,8674.06
OD0745,ORD0791,P026,3131.97,1,175.09,2956.8799999999997
OD0746,ORD0649,P056,2186.24,3,59.34,6499.379999999999
OD0747,ORD0314,P100,800.75,1,14.49,786.26
OD0748,ORD0699,P064,674.0,4,56.43,2639.57
OD0749,ORD0221,P008,915.8,3,215.62,2531.7799999999997
OD0750,ORD0976,P081,1533.5,1,343.48,1190.02
OD0751,ORD0438,P095,3736.01,4,144.64,14799.400000000001
OD0752,ORD0046,P037,3238.78,1,424.84,2813.94
OD0753,ORD0790,P097,1844.65,2,218.81,3470.4900000000002
OD0754,ORD0192,P027,2073.69,4,484.11,7810.650000000001
OD0755,ORD0520,P045,1209.32,3,477.08,3150.88
OD0756,ORD0379,P004,2876.54,3,386.64,8242.98
OD0757,ORD0788,P086,3250.51,2,466.2,6034.820000000001
OD0758,ORD0691,P090,1107.84,1,353.55,754.29
OD0759,ORD0334,P096,358.92,1,447.79,-88.87
OD0760,ORD0039,P088,2570.78,3,118.24,7594.1
OD0761,ORD0293,P099,2337.55,1,172.71,2164.84
OD0762,ORD0690,P037,1728.1,4,376.47,6535.929999999999
OD0763,ORD0162,P096,2646.8,4,212.28,10374.92
OD0764,ORD0331,P071,2292.33,3,418.66,6458.33
OD0765,ORD0886,P033,1152.21,4,438.82,4170.02
OD0766,ORD0104,P031,1711.37,3,149.86,4984.25
OD0767,ORD0161,P055,1826.83,1,411.73,1415.1
OD0768,ORD0799,P012,3544.94,1,77.13,3467.81
OD0769,ORD0635,P011,3851.44,1,167.1,3684.34
OD0770,ORD0054,P088,3593.41,2,258.98,6927.84
OD0771,ORD0940,P072,2932.88,3,113.22,8685.42
OD0772,ORD0034,P032,2422.97,4,289.63,9402.25
OD0773,ORD0242,P057,2819.19,1,289.35,2529.84
OD0774,ORD0967,P038,3768.62,2,103.45,7433.79
OD0775,ORD0890,P060,1150.0,4,397.82,4202.18
OD0776,ORD0113,P086,2233.46,4,315.82,8618.02
OD0777,ORD0318,P098,2820.51,4,158.88,11123.160000000002
OD0778,ORD0023,P019,2781.14,1,116.09,2665.0499999999997
OD0779,ORD0558,P084,1158.66,4,439.38,4195.26
OD0780,ORD0824,P056,2429.58,3,417.87,6870.87
OD0781,ORD0647,P014,3224.47,2,114.88,6334.0599999999995
OD0782,ORD0118,P033,2005.3,4,17.8,8003.4
OD0783,ORD0985,P010,3214.53,4,402.27,12455.85
OD0784,ORD0701,P080,1567.55,3,307.75,4394.9
OD0785,ORD0643,P064,3767.29,4,50.44,15018.72
OD0786,ORD0934,P064,2228.93,1,293.68,1935.2499999999998
OD0787,ORD0212,P062,2464.6,1,226.09,2238.5099999999998
OD0788,ORD0418,P068,319.17,1,387.28,-68.10999999999996
OD0789,ORD0113,P091,847.02,4,104.54,3283.54
OD0790,ORD0044,P092,2605.15,2,226.58,4983.72
OD0791,ORD0128,P043,1795.51,2,78.12,3512.9
OD0792,ORD0876,P080,2131.02,4,478.76,8045.32
OD0793,ORD0158,P059,439.29,2,389.37,489.21000000000004
OD0794,ORD0785,P052,3369.71,2,368.36,6371.06
OD0795,ORD0827,P097,3181.12,4,345.1,12379.38
OD0796,ORD0394,P019,904.35,1,211.67,692.6800000000001
OD0797,ORD0867,P021,2610.45,4,461.64,9980.16
OD0798,ORD0852,P022,3309.6,1,36.46,3273.14
OD0799,ORD0512,P009,2635.25,1,401.63,2233.62
OD0800,ORD0914,P009,1379.51,2,107.62,2651.4
OD0801,ORD0045,P073,2693.22,2,162.01,5224.429999999999
OD0802,ORD0108,P027,999.75,1,259.71,740.04
OD0803,ORD0219,P017,1409.37,1,391.33,1018.04
OD0804,ORD0443,P044,1112.26,2,419.27,1805.25
OD0805,ORD0830,P045,2316.32,3,291.87,6657.090000000001
OD0806,ORD0315,P008,611.26,1,201.52,409.74
OD0807,ORD0177,P080,3746.58,1,473.25,3273.33
OD0808,ORD0228,P018,1467.35,1,123.26,1344.09
OD0809,ORD0703,P033,1032.09,2,401.55,1662.6299999999999
OD0810,ORD0983,P001,2086.89,4,306.02,8041.539999999999
OD0811,ORD0672,P076,1252.59,1,188.45,1064.1399999999999
OD0812,ORD0906,P006,2232.64,1,0.68,2231.96
OD0813,ORD0267,P041,1524.33,1,223.3,1301.03
OD0814,ORD0870,P055,701.85,4,138.36,2669.04
OD0815,ORD0838,P005,1210.4,4,52.17,4789.43
OD0816,ORD0379,P059,1866.07,1,37.58,1828.49
OD0817,ORD0489,P080,315.11,1,173.78,141.33
OD0818,ORD0702,P018,3128.44,3,307.38,9077.94
OD0819,ORD0687,P049,2562.93,4,418.76,9832.96
OD0820,ORD0290,P082,2485.17,3,91.78,7363.7300000000005
OD0821,ORD0996,P065,2274.99,1,212.32,2062.6699999999996
OD0822,ORD0357,P083,2443.19,1,195.98,2247.21
OD0823,ORD0657,P054,3751.68,1,256.7,3494.98
OD0824,ORD0744,P061,232.56,1,404.79,-172.23000000000002
OD0825,ORD0872,P008,381.64,2,276.82,486.46
OD0826,ORD0950,P003,927.67,2,423.33,1432.01
OD0827,ORD0204,P025,835.75,2,259.28,1412.22
OD0828,ORD0213,P069,888.54,3,301.92,2363.7
OD0829,ORD0552,P055,2753.39,4,218.69,10794.869999999999
OD0830,ORD0787,P040,1946.04,1,411.55,1534.49
OD0831,ORD0323,P083,3968.76,4,461.91,15413.130000000001
OD0832,ORD0594,P082,1062.17,2,319.57,1804.7700000000002
OD0833,ORD0181,P050,1381.15,1,410.39,970.7600000000001
OD0834,ORD0499,P095,3940.11,1,29.5,3910.61
OD0835,ORD0320,P033,3360.68,3,453.06,9628.98
OD0836,ORD0083,P018,1985.24,4,94.46,7846.5
OD0837,ORD0303,P057,2307.47,3,128.26,6794.15
OD0838,ORD0262,P016,3404.08,2,26.67,6781.49
OD0839,ORD0784,P080,2027.72,4,482.7,7628.18
OD0840,ORD0200,P038,982.89,2,426.01,1539.77
OD0841,ORD0240,P041,3348.09,3,456.59,9587.68
OD0842,ORD0914,P007,2243.54,3,423.61,6307.01
OD0843,ORD0692,P078,781.56,1,239.77,541.79
OD0844,ORD0944,P053,2121.23,4,462.04,8022.88
OD0845,ORD0683,P063,1770.17,4,484.74,6595.9400000000005
OD0846,ORD0295,P089,3532.0,1,251.28,3280.72
OD0847,ORD0512,P032,679.01,4,87.81,2628.23
OD0848,ORD0689,P038,3525.8,2,329.31,6722.29
OD0849,ORD0881,P022,2146.4,2,487.72,3805.08
OD0850,ORD0396,P016,1736.58,3,436.07,4773.67
OD0851,ORD0749,P052,815.48,2,430.91,1200.05
OD0852,ORD0138,P029,2863.11,4,466.91,10985.53
OD0853,ORD0839,P016,3721.87,1,446.98,3274.89
OD0854,ORD0878,P076,1626.43,3,388.14,4491.15
OD0855,ORD0823,P017,1118.02,1,359.14,758.88
OD0856,ORD0129,P064,2308.49,3,132.38,6793.089999999999
OD0857,ORD0049,P091,3225.51,3,310.67,9365.86
OD0858,ORD0676,P089,214.32,1,260.74,-46.420000000000016
OD0859,ORD0789,P013,2599.23,2,430.97,4767.49
OD0860,ORD0293,P072,2466.76,2,245.86,4687.660000000001
OD0861,ORD0628,P056,1408.98,2,63.87,2754.09
OD0862,ORD0536,P005,1915.41,2,2.49,3828.3300000000004
OD0863,ORD0311,P012,1138.46,1,338.94,799.52
OD0864,ORD0537,P041,3201.57,4,274.95,12531.33
OD0865,ORD0903,P003,2611.23,3,165.48,7668.210000000001
OD0866,ORD0639,P099,2224.3,1,84.49,2139.8100000000004
OD0867,ORD0234,P033,1691.6,2,233.36,3149.8399999999997
OD0868,ORD0209,P086,1307.26,2,50.14,2564.38
OD0869,ORD0605,P050,3326.4,1,168.05,3158.35
OD0870,ORD0094,P056,1915.35,3,189.61,5556.44
OD0871,ORD0327,P009,2105.5,1,232.81,1872.69
OD0872,ORD0225,P082,2179.15,1,233.31,1945.8400000000001
OD0873,ORD0967,P050,1903.79,4,128.5,7486.66
OD0874,ORD0890,P029,1173.14,1,425.11,748.0300000000001
OD0875,ORD0792,P039,657.29,4,177.77,2451.39
OD0876,ORD0011,P091,574.44,3,114.79,1608.5300000000002
OD0877,ORD0329,P100,3078.36,1,87.9,2990.46
OD0878,ORD0012,P045,1049.41,1,161.29,888.1200000000001
OD0879,ORD0035,P017,411.56,2,33.78,789.34
OD0880,ORD0447,P056,3230.57,1,16.45,3214.1200000000003
OD0881,ORD0452,P098,785.43,2,302.57,1268.29
OD0882,ORD0740,P046,2575.56,2,309.57,4841.55
OD0883,ORD0220,P067,1486.84,2,264.79,2708.89
OD0884,ORD0441,P069,680.62,3,381.14,1660.7200000000003
OD0885,ORD0653,P014,1775.03,4,19.58,7080.54
OD0886,ORD0535,P067,256.27,2,467.99,44.549999999999955
OD0887,ORD0595,P023,3395.97,1,47.53,3348.4399999999996
OD0888,ORD0229,P094,2151.29,1,337.01,1814.28
OD0889,ORD0935,P061,728.81,2,66.7,1390.9199999999998
OD0890,ORD0344,P023,1100.53,2,439.95,1761.11
OD0891,ORD0080,P027,1902.31,1,255.36,1646.9499999999998
OD0892,ORD0353,P054,917.7,2,41.15,1794.25
OD0893,ORD0396,P010,1220.68,4,308.36,4574.360000000001
OD0894,ORD0290,P089,2230.67,4,4.55,8918.130000000001
OD0895,ORD0455,P077,3363.91,3,388.01,9703.72
OD0896,ORD0843,P016,1726.99,2,325.29,3128.69
OD0897,ORD0671,P041,2924.51,3,106.31,8667.220000000001
OD0898,ORD0989,P098,3531.4,3,187.38,10406.820000000002
OD0899,ORD0128,P055,1021.94,3,3.9,3061.92
OD0900,ORD0702,P061,3267.33,2,346.84,6187.82
OD0901,ORD0909,P086,3078.13,3,161.33,9073.06
OD0902,ORD0543,P081,1556.36,4,285.79,5939.65
OD0903,ORD0898,P087,3960.18,3,478.36,11402.179999999998
OD0904,ORD0359,P100,1197.78,4,149.73,4641.39
OD0905,ORD0527,P049,1168.25,4,495.12,4177.88
OD0906,ORD0313,P073,3134.58,2,316.36,5952.8
OD0907,ORD0075,P052,1851.7,3,121.04,5434.06
OD0908,ORD0546,P002,1457.02,2,218.39,2695.65
OD0909,ORD0871,P096,878.92,4,370.23,3145.45
OD0910,ORD0196,P050,3108.26,1,223.24,2885.0200000000004
OD0911,ORD0843,P086,3188.02,3,34.25,9529.81
OD0912,ORD0029,P043,2352.94,2,84.3,4621.58
OD0913,ORD0706,P077,3837.79,1,395.65,3442.14
OD0914,ORD0016,P008,1409.02,3,324.19,3902.8699999999994
OD0915,ORD0423,P059,1034.55,3,284.91,2818.74
OD0916,ORD0589,P065,2774.37,2,83.81,5464.929999999999
OD0917,ORD0805,P081,3081.95,1,418.88,2663.0699999999997
OD0918,ORD0593,P012,1054.64,2,480.37,1628.9100000000003
OD0919,ORD0405,P004,491.12,3,20.44,1452.92
OD0920,ORD0940,P077,3279.96,3,39.02,9800.86
OD0921,ORD0636,P095,3910.71,4,442.36,15200.48
OD0922,ORD0531,P041,2649.75,3,407.78,7541.47
OD0923,ORD0967,P007,1255.89,3,308.97,3458.7
OD0924,ORD0614,P087,3987.36,1,472.48,3514.88
OD0925,ORD0904,P088,3594.41,1,323.22,3271.1899999999996
OD0926,ORD0077,P069,2150.85,4,107.99,8495.41
OD0927,ORD0229,P069,3336.22,4,364.32,12980.56
OD0928,ORD0962,P081,3300.12,4,322.86,12877.619999999999
OD0929,ORD0297,P030,3752.24,2,492.87,7011.61
OD0930,ORD0510,P073,3395.51,2,106.95,6684.070000000001
OD0931,ORD0715,P006,2645.98,4,298.94,10284.98
OD0932,ORD0984,P089,2515.35,2,390.08,4640.62
OD0933,ORD0966,P019,1975.96,3,169.49,5758.39
OD0934,ORD0573,P080,2580.65,4,189.84,10132.76
OD0935,ORD0538,P085,3221.82,4,443.95,12443.33
OD0936,ORD0583,P066,3882.34,2,202.1,7562.58
OD0937,ORD0615,P010,1975.69,1,312.37,1663.3200000000002
OD0938,ORD0979,P016,2379.88,4,444.62,9074.9
OD0939,ORD0326,P037,1890.26,2,104.91,3675.61
OD0940,ORD0363,P079,2740.26,2,490.94,4989.580000000001
OD0941,ORD0669,P077,2593.7,1,350.98,2242.72
OD0942,ORD0875,P077,267.77,4,248.06,823.02
OD0943,ORD0359,P032,2256.41,1,215.46,2040.9499999999998
OD0944,ORD0706,P047,536.25,3,477.18,1131.57
OD0945,ORD0787,P072,300.26,1,102.86,197.39999999999998
OD0946,ORD0324,P043,3206.55,1,155.84,3050.71
OD0947,ORD0698,P082,1182.87,2,153.9,2211.8399999999997
OD0948,ORD0326,P036,1494.49,1,144.5,1349.99
OD0949,ORD0625,P026,443.52,3,234.27,1096.29
OD0950,ORD0825,P010,882.1,2,494.59,1269.6100000000001
OD0951,ORD0165,P031,3109.3,3,444.39,8883.510000000002
OD0952,ORD0573,P097,2075.42,1,163.97,1911.45
OD0953,ORD0604,P029,3546.54,3,211.44,10428.179999999998
OD0954,ORD0798,P005,1709.52,3,334.74,4793.82
OD0955,ORD0455,P077,1221.06,1,8.58,1212.48
OD0956,ORD0969,P001,1520.88,1,410.08,1110.8000000000002
OD0957,ORD0153,P087,2908.53,2,439.9,5377.160000000001
OD0958,ORD0737,P003,2309.02,2,428.6,4189.44
OD0959,ORD0127,P067,3635.93,4,187.53,14356.189999999999
OD0960,ORD0193,P071,2488.24,2,231.0,4745.48
OD0961,ORD0627,P100,2073.47,1,6.19,2067.2799999999997
OD0962,ORD0774,P035,3185.86,3,199.7,9357.88
OD0963,ORD0530,P015,3800.63,3,230.21,11171.68
OD0964,ORD0010,P067,1552.21,2,453.49,2650.9300000000003
OD0965,ORD0092,P093,1149.53,2,446.99,1852.07
OD0966,ORD0139,P030,2541.63,1,483.05,2058.58
OD0967,ORD0481,P082,2095.72,3,442.55,5844.61
OD0968,ORD0449,P075,3958.91,4,4.1,15831.539999999999
OD0969,ORD0333,P043,1956.97,4,320.73,7507.15
OD0970,ORD0869,P060,482.46,2,34.12,930.8
OD0971,ORD0340,P040,3914.0,4,136.3,15519.7
OD0972,ORD0961,P065,3405.63,1,289.15,3116.48
OD0973,ORD0052,P029,877.35,4,350.31,3159.09
OD0974,ORD0707,P074,3637.5,2,327.32,6947.68
OD0975,ORD0466,P092,1494.53,1,24.53,1470.0
OD0976,ORD0718,P095,1633.03,3,51.8,4847.29
OD0977,ORD0799,P019,3644.29,1,64.29,3580.0
OD0978,ORD0475,P003,2214.44,2,45.71,4383.17
OD0979,ORD0401,P036,723.5,2,89.12,1357.88
OD0980,ORD0439,P043,1602.41,4,344.24,6065.400000000001
OD0981,ORD0878,P015,2943.97,4,415.42,11360.46
OD0982,ORD0605,P097,861.9,3,204.41,2381.29
OD0983,ORD0932,P041,2442.88,3,346.39,6982.25
OD0984,ORD0997,P090,2842.04,2,100.01,5584.07
OD0985,ORD0922,P080,1506.64,2,486.64,2526.6400000000003
OD0986,ORD0821,P036,2836.75,2,175.0,5498.5
OD0987,ORD0657,P097,3559.99,3,422.93,10257.039999999999
OD0988,ORD0598,P084,1994.04,2,472.68,3515.4
OD0989,ORD0509,P077,1655.06,3,432.36,4532.820000000001
OD0990,ORD0153,P033,1154.4,2,33.53,2275.27
OD0991,ORD0514,P005,2495.98,1,325.15,2170.83
OD0992,ORD0503,P078,3543.44,1,60.05,3483.39
OD0993,ORD0854,P091,1433.71,2,2.83,2864.59
OD0994,ORD0901,P087,1705.69,1,25.89,1679.8
OD0995,ORD0772,P014,1745.18,3,458.07,4777.47
OD0996,ORD0676,P068,2331.09,4,454.23,8870.130000000001
OD0997,ORD0006,P083,1067.95,1,112.91,955.0400000000001
OD0998,ORD0500,P047,3324.4,4,273.53,13024.07
OD0999,ORD0661,P054,1323.29,1,477.51,845.78
OD1000,ORD0717,P004,2880.38,3,248.35,8392.789999999999
OD1001,ORD0118,P094,2150.22,1,196.79,1953.4299999999998
OD1002,ORD0485,P083,2426.41,1,241.62,2184.79
OD1003,ORD0601,P095,882.51,2,395.11,1369.9099999999999
OD1004,ORD0666,P095,2993.09,4,238.64,11733.720000000001
OD1005,ORD0951,P009,916.76,4,391.64,3275.4
OD1006,ORD0679,P053,631.2,3,215.85,1677.7500000000002
OD1007,ORD0468,P077,2277.38,3,126.0,6706.14
OD1008,ORD0161,P078,2895.33,4,163.24,11418.08
OD1009,ORD0270,P060,390.14,2,38.91,741.37
OD1010,ORD0056,P046,463.7,2,248.69,678.71
OD1011,ORD0228,P054,3250.18,4,74.06,12926.66
OD1012,ORD0849,P074,3274.32,1,405.77,2868.55
OD1013,ORD0149,P095,1132.16,4,210.3,4318.34
OD1014,ORD0046,P037,2537.87,1,382.5,2155.37
OD1015,ORD0144,P023,1884.08,4,477.23,7059.09
OD1016,ORD0750,P027,2604.24,1,424.74,2179.5
OD1017,ORD0784,P070,3478.94,2,475.73,6482.15
OD1018,ORD0632,P090,503.45,4,283.97,1729.83
OD1019,ORD0340,P066,3156.34,3,82.66,9386.36
OD1020,ORD0413,P061,2073.51,1,467.7,1605.8100000000002
OD1021,ORD0732,P077,2343.68,2,434.25,4253.11
OD1022,ORD0520,P051,2684.94,3,432.21,7622.61
OD1023,ORD0344,P050,3705.97,2,346.64,7065.299999999999
OD1024,ORD0387,P019,415.54,1,312.46,103.08000000000004
OD1025,ORD0473,P001,312.01,4,7.36,1240.68
OD1026,ORD0275,P040,877.39,2,374.03,1380.75
OD1027,ORD0353,P032,3948.5,4,45.77,15748.23
OD1028,ORD0066,P022,2917.29,4,129.88,11539.28
OD1029,ORD0079,P093,2535.64,2,275.75,4795.53
OD1030,ORD0598,P066,378.75,2,225.87,531.63
OD1031,ORD0636,P040,3540.62,2,7.89,7073.349999999999
OD1032,ORD0202,P038,3288.48,4,411.99,12741.93
OD1033,ORD0978,P048,2726.24,3,439.4,7739.32
OD1034,ORD0662,P055,1488.7,1,340.94,1147.76
OD1035,ORD0558,P075,467.92,3,270.53,1133.23
OD1036,ORD0113,P081,2404.15,4,480.37,9136.23
OD1037,ORD0091,P055,2934.84,2,59.98,5809.700000000001
OD1038,ORD0141,P051,558.11,2,368.96,747.26
OD1039,ORD0289,P060,2608.32,1,64.18,2544.1400000000003
OD1040,ORD0901,P008,1288.19,1,190.92,1097.27
OD1041,ORD0730,P086,3104.13,3,292.74,9019.65
OD1042,ORD0589,P068,2250.54,3,368.54,6383.08
OD1043,ORD0411,P075,690.34,1,1.86,688.48
OD1044,ORD0377,P072,2200.77,4,130.3,8672.78
OD1045,ORD0384,P009,1703.8,3,269.1,4842.299999999999
OD1046,ORD0846,P090,885.35,2,266.44,1504.26
OD1047,ORD0152,P002,3397.76,2,318.81,6476.71
OD1048,ORD0835,P080,241.91,4,151.93,815.71
OD1049,ORD0751,P095,1386.09,1,270.26,1115.83
OD1050,ORD0627,P070,247.86,3,94.89,648.69
OD1051,ORD0319,P085,564.83,2,93.44,1036.22
OD1052,ORD0369,P090,1328.97,1,288.28,1040.69
OD1053,ORD0606,P059,406.23,3,342.74,875.95
OD1054,ORD0995,P019,2467.2,4,60.2,9808.599999999999
OD1055,ORD0560,P028,530.08,2,61.39,998.7700000000001
OD1056,ORD0703,P072,2866.51,4,282.65,11183.390000000001
OD1057,ORD0462,P014,400.04,4,135.05,1465.1100000000001
OD1058,ORD0012,P024,425.37,4,196.2,1505.28
OD1059,ORD0156,P044,1360.24,3,200.37,3880.3500000000004
OD1060,ORD0684,P056,3606.97,4,89.28,14338.599999999999
OD1061,ORD0477,P090,2637.29,3,0.66,7911.21
OD1062,ORD0939,P095,3126.5,3,426.58,8952.92
OD1063,ORD0401,P051,737.9,4,357.5,2594.1
OD1064,ORD0808,P032,3369.68,4,345.27,13133.449999999999
OD1065,ORD0177,P050,230.96,1,273.25,-42.28999999999999
OD1066,ORD0341,P041,1009.62,2,350.48,1668.76
OD1067,ORD0057,P066,2541.15,1,467.84,2073.31
OD1068,ORD0855,P025,1625.94,2,332.84,2919.04
OD1069,ORD0852,P061,3939.93,2,132.55,7747.3099999999995
OD1070,ORD0448,P066,315.29,1,285.28,30.010000000000048
OD1071,ORD0203,P042,3994.67,1,221.16,3773.51
OD1072,ORD0697,P065,2569.79,2,278.21,4861.37
OD1073,ORD0633,P036,2323.09,2,258.81,4387.37
OD1074,ORD0738,P076,426.15,2,429.39,422.90999999999997
OD1075,ORD0202,P009,1238.65,3,325.9,3390.05
OD1076,ORD0330,P036,3713.72,2,94.38,7333.0599999999995
OD1077,ORD0363,P092,1546.13,4,31.51,6153.01
OD1078,ORD0892,P038,2714.28,4,212.18,10644.94
OD1079,ORD0454,P033,3998.09,4,7.81,15984.550000000001
OD1080,ORD0356,P042,1199.66,1,159.15,1040.51
OD1081,ORD0216,P061,2389.11,1,184.01,2205.1000000000004
OD1082,ORD0972,P046,2846.46,1,187.79,2658.67
OD1083,ORD0555,P086,825.58,2,489.68,1161.48
OD1084,ORD0887,P089,764.96,4,151.95,2907.8900000000003
OD1085,ORD0023,P061,1933.97,2,132.61,3735.33
OD1086,ORD0155,P018,1666.09,3,64.69,4933.58
OD1087,ORD0186,P070,2914.02,3,255.5,8486.56
OD1088,ORD0249,P082,464.13,1,76.84,387.28999999999996
OD1089,ORD0749,P080,3894.23,3,308.15,11374.54
OD1090,ORD0805,P015,254.25,4,77.58,939.42
OD1091,ORD0134,P048,2485.0,3,288.34,7166.66
OD1092,ORD0321,P072,2338.0,1,413.13,1924.87
OD1093,ORD0390,P013,711.92,2,21.26,1402.58
OD1094,ORD0434,P043,773.48,3,209.87,2110.57
OD1095,ORD0022,P060,3212.17,4,230.52,12618.16
OD1096,ORD0873,P057,3572.74,4,395.54,13895.419999999998
OD1097,ORD0600,P071,1275.46,4,233.96,4867.88
OD1098,ORD0665,P017,1864.26,2,283.77,3444.75
OD1099,ORD0125,P050,1548.98,4,395.6,5800.32
OD1100,ORD0079,P032,475.68,1,279.88,195.8
OD1101,ORD0858,P022,2758.18,1,179.15,2579.0299999999997
OD1102,ORD0968,P055,3335.73,4,42.92,13300.0
OD1103,ORD0051,P057,1358.54,3,364.96,3710.66
OD1104,ORD0728,P013,3962.67,4,435.57,15415.11
OD1105,ORD0176,P047,488.24,1,485.03,3.2100000000000364
OD1106,ORD0870,P087,2714.8,1,463.3,2251.5
OD1107,ORD0253,P062,1903.27,1,398.71,1504.56
OD1108,ORD0966,P054,1897.09,3,321.74,5369.53
OD1109,ORD0246,P029,1939.05,3,390.73,5426.42
OD1110,ORD0739,P022,1182.99,3,216.04,3332.9300000000003
OD1111,ORD0106,P065,2919.14,1,297.39,2621.75
OD1112,ORD0193,P029,2941.99,2,174.35,5709.629999999999
OD1113,ORD0316,P048,1273.11,4,163.35,4929.089999999999
OD1114,ORD0302,P005,3374.16,4,378.35,13118.289999999999
OD1115,ORD0548,P035,1404.01,1,226.97,1177.04
OD1116,ORD0954,P074,2955.35,3,106.08,8759.97
OD1117,ORD0716,P083,659.8,2,100.97,1218.6299999999999
OD1118,ORD0934,P071,841.07,2,429.59,1252.5500000000002
OD1119,ORD0779,P046,1400.02,3,338.88,3861.1799999999994
OD1120,ORD0268,P035,2456.72,4,273.02,9553.859999999999
OD1121,ORD0170,P045,2652.94,4,200.47,10411.29
OD1122,ORD0551,P013,1706.15,2,215.41,3196.8900000000003
OD1123,ORD0455,P010,495.79,2,28.72,962.86
OD1124,ORD0651,P066,1619.81,3,227.46,4631.97
OD1125,ORD0292,P070,2817.32,4,397.73,10871.550000000001
OD1126,ORD0564,P072,2749.78,2,193.99,5305.570000000001
OD1127,ORD0799,P100,808.75,4,191.79,3043.21
OD1128,ORD0801,P025,229.58,2,7.86,451.3
OD1129,ORD0141,P044,3061.33,3,228.92,8955.07
OD1130,ORD0146,P060,604.2,4,12.67,2404.13
OD1131,ORD0425,P047,512.93,2,285.17,740.6899999999998
OD1132,ORD0314,P040,210.26,2,253.39,167.13
OD1133,ORD0184,P007,1843.89,2,420.0,3267.78
OD1134,ORD0664,P046,2112.4,2,290.89,3933.9100000000003
OD1135,ORD0713,P023,2623.12,3,161.71,7707.65
OD1136,ORD0128,P083,1325.04,4,258.12,5042.04
OD1137,ORD0287,P046,2899.61,4,349.85,11248.59
OD1138,ORD0823,P086,843.46,1,46.98,796.48
OD1139,ORD0253,P013,3361.56,4,310.54,13135.699999999999
OD1140,ORD0778,P021,2373.02,1,458.31,1914.71
OD1141,ORD0700,P001,2418.78,2,149.57,4687.990000000001
OD1142,ORD0386,P019,997.15,3,313.31,2678.14
OD1143,ORD0230,P060,481.61,3,410.66,1034.1699999999998
OD1144,ORD0271,P033,1965.95,2,255.9,3676.0
OD1145,ORD0771,P004,2539.33,1,358.99,2180.34
OD1146,ORD0811,P003,561.18,2,155.51,966.8499999999999
OD1147,ORD0415,P091,3812.03,3,153.03,11283.06
OD1148,ORD0198,P052,3925.57,3,333.79,11442.92
OD1149,ORD0323,P099,2272.74,4,352.7,8738.259999999998
OD1150,ORD0056,P028,3810.26,1,468.5,3341.76
OD1151,ORD0831,P070,881.89,4,112.42,3415.14
OD1152,ORD0203,P070,296.6,3,234.11,655.69
OD1153,ORD0783,P055,349.76,3,125.26,924.02
OD1154,ORD0621,P057,2432.55,4,40.05,9690.150000000001
OD1155,ORD0628,P087,434.24,4,201.62,1535.3400000000001
OD1156,ORD0604,P097,3842.47,3,187.04,11340.369999999999
OD1157,ORD0138,P016,739.35,4,135.22,2822.1800000000003
OD1158,ORD0422,P024,1357.95,4,148.5,5283.3
OD1159,ORD0815,P069,3325.57,1,180.21,3145.36
OD1160,ORD0057,P041,1031.21,3,494.42,2599.21
OD1161,ORD0562,P077,1123.28,2,391.48,1855.08
OD1162,ORD0071,P047,2640.77,1,35.7,2605.07
OD1163,ORD0911,P076,1249.13,2,436.21,2062.05
OD1164,ORD0914,P069,1026.3,4,316.65,3788.5499999999997
OD1165,ORD0594,P031,1165.88,4,445.3,4218.22
OD1166,ORD0372,P092,2064.46,2,170.85,3958.07
OD1167,ORD0617,P092,3871.18,4,232.26,15252.46
OD1168,ORD0600,P030,3362.5,4,448.11,13001.89
OD1169,ORD0514,P018,1281.52,1,136.29,1145.23
OD1170,ORD0872,P044,1580.82,2,457.75,2703.89
OD1171,ORD0084,P027,1965.15,1,414.25,1550.9
OD1172,ORD0994,P099,3919.93,2,490.28,7349.58
OD1173,ORD0043,P026,855.08,1,162.13,692.95
OD1174,ORD0666,P060,1558.44,3,117.88,4557.44
OD1175,ORD0839,P018,2971.82,3,165.43,8750.03
OD1176,ORD0934,P097,3862.99,2,477.32,7248.66
OD1177,ORD0606,P089,791.57,3,166.54,2208.17
OD1178,ORD0810,P056,1064.04,1,282.61,781.43
OD1179,ORD0133,P031,1057.64,2,201.84,1913.4400000000003
OD1180,ORD0395,P059,279.54,3,198.11,640.5100000000001
OD1181,ORD0065,P002,2495.64,3,96.69,7390.2300000000005
OD1182,ORD0290,P097,2748.67,2,268.54,5228.8
OD1183,ORD0376,P039,2489.6,3,424.7,7044.099999999999
OD1184,ORD0769,P061,471.03,3,24.74,1388.35
OD1185,ORD0467,P063,463.07,2,444.61,481.53
OD1186,ORD0898,P096,999.47,3,332.74,2665.67
OD1187,ORD0213,P018,1303.12,3,308.37,3600.99
OD1188,ORD0148,P017,3188.87,3,312.95,9253.66
OD1189,ORD0573,P098,805.68,3,148.13,2268.91
OD1190,ORD0471,P039,367.55,4,207.57,1262.63
OD1191,ORD0149,P071,1697.15,2,399.65,2994.65
OD1192,ORD0088,P054,1782.29,4,153.19,6975.97
OD1193,ORD0324,P099,1913.45,4,235.01,7418.79
OD1194,ORD0895,P094,3342.23,1,9.82,3332.41
OD1195,ORD0396,P076,572.42,4,366.78,1922.8999999999999
OD1196,ORD0790,P035,2874.98,4,208.85,11291.07
OD1197,ORD0404,P011,1484.19,1,262.68,1221.51
OD1198,ORD0082,P061,1377.92,3,57.34,4076.42
OD1199,ORD0641,P044,3743.66,3,495.86,10735.119999999999
OD1200,ORD0286,P068,1144.18,4,151.23,4425.490000000001
OD1201,ORD0382,P025,2641.62,1,317.49,2324.13
OD1202,ORD0865,P048,1245.49,3,290.62,3445.8500000000004
OD1203,ORD0792,P032,2127.15,1,392.55,1734.6000000000001
OD1204,ORD0270,P084,3187.91,2,146.92,6228.9
OD1205,ORD0292,P095,3550.55,2,377.96,6723.14
OD1206,ORD0453,P004,3387.05,2,191.25,6582.85
OD1207,ORD0715,P038,2412.29,2,205.58,4619.0
OD1208,ORD0024,P063,1145.5,4,336.36,4245.64
OD1209,ORD0956,P047,2712.69,2,392.14,5033.24
OD1210,ORD0863,P001,2897.64,2,333.43,5461.849999999999
OD1211,ORD0311,P003,240.63,1,449.94,-209.31
OD1212,ORD0461,P086,1869.0,3,142.58,5464.42
OD1213,ORD0208,P062,3404.4,1,450.31,2954.09
OD1214,ORD0792,P064,2060.43,4,65.43,8176.289999999999
OD1215,ORD0717,P017,1383.23,2,329.77,2436.69
OD1216,ORD0664,P078,3512.83,3,273.82,10264.67
OD1217,ORD0438,P062,792.35,3,247.32,2129.73
OD1218,ORD0538,P035,984.49,2,155.46,1813.52
OD1219,ORD0706,P013,2812.01,2,251.87,5372.150000000001
OD1220,ORD0336,P035,1539.26,4,80.89,6076.15
OD1221,ORD0422,P043,2909.46,4,184.66,11453.18
OD1222,ORD0750,P002,799.27,2,49.34,1549.2
OD1223,ORD0321,P056,1158.62,2,285.92,2031.3199999999997
OD1224,ORD0497,P077,795.26,2,47.88,1542.6399999999999
OD1225,ORD0587,P051,3821.06,2,80.17,7561.95
OD1226,ORD0947,P054,1740.54,3,42.73,5178.89
OD1227,ORD0163,P016,1481.44,4,190.66,5735.1
OD1228,ORD0811,P018,253.97,2,420.98,86.95999999999998
OD1229,ORD0541,P007,782.99,2,453.45,1112.53
OD1230,ORD0165,P045,1800.32,3,35.94,5365.02
OD1231,ORD0849,P036,460.31,1,317.28,143.03000000000003
OD1232,ORD0698,P041,2140.81,2,342.19,3939.43
OD1233,ORD0566,P094,1929.06,3,266.88,5520.3
OD1234,ORD0295,P042,3115.24,3,333.49,9012.23
OD1235,ORD0042,P007,2707.25,1,116.85,2590.4
OD1236,ORD0924,P015,1894.6,4,244.82,7333.58
OD1237,ORD0285,P060,1053.71,4,195.44,4019.4
OD1238,ORD0939,P040,2962.08,4,44.85,11803.47
OD1239,ORD0387,P083,2889.88,2,312.78,5466.9800000000005
OD1240,ORD0138,P037,782.53,4,247.61,2882.5099999999998
OD1241,ORD0187,P066,3676.06,2,137.59,7214.53
OD1242,ORD0910,P055,444.74,2,236.84,652.64
OD1243,ORD0716,P077,409.14,3,387.65,839.7700000000001
OD1244,ORD0431,P095,911.93,4,400.83,3246.89
OD1245,ORD0554,P080,3655.95,4,324.76,14299.039999999999
OD1246,ORD0862,P056,2175.99,4,233.87,8470.089999999998
OD1247,ORD0416,P044,3194.18,2,287.87,6100.49
OD1248,ORD0800,P057,1065.8,2,192.51,1939.09
OD1249,ORD0426,P006,2062.84,4,63.28,8188.080000000001
OD1250,ORD0416,P092,1561.5,2,192.81,2930.19
OD1251,ORD0026,P032,3345.75,2,265.17,6426.33
OD1252,ORD0371,P074,285.9,1,299.42,-13.520000000000039
OD1253,ORD0385,P018,1126.6,1,467.9,658.6999999999999
OD1254,ORD0056,P068,779.78,4,388.67,2730.45
OD1255,ORD0253,P073,3464.92,4,76.0,13783.68
OD1256,ORD0634,P007,1976.67,1,87.09,1889.5800000000002
OD1257,ORD0106,P008,1736.04,2,50.25,3421.83
OD1258,ORD0130,P064,1908.03,2,369.09,3446.97
OD1259,ORD0849,P007,3893.31,3,353.06,11326.87
OD1260,ORD0670,P041,3431.02,4,493.18,13230.9
OD1261,ORD0376,P040,2884.2,4,261.01,11275.789999999999
OD1262,ORD0743,P003,1303.82,4,413.21,4802.07
OD1263,ORD0967,P017,827.66,3,288.22,2194.76
OD1264,ORD0308,P066,3701.45,3,437.04,10667.309999999998
OD1265,ORD0091,P079,1807.69,2,360.51,3254.87
OD1266,ORD0393,P093,1259.27,1,321.44,937.8299999999999
OD1267,ORD0534,P052,1989.5,1,282.56,1706.94
OD1268,ORD0802,P022,3687.82,1,361.49,3326.33
OD1269,ORD0110,P004,1670.86,2,209.83,3131.89
OD1270,ORD0561,P006,2338.04,1,48.29,2289.75
OD1271,ORD0641,P038,3251.27,3,19.99,9733.82
OD1272,ORD0585,P026,1823.1,3,239.51,5229.789999999999
OD1273,ORD0340,P011,1087.46,4,299.65,4050.19
OD1274,ORD0565,P090,3979.2,1,39.42,3939.7799999999997
OD1275,ORD0979,P017,3834.97,3,143.45,11361.46
OD1276,ORD0356,P088,3405.22,4,161.02,13459.859999999999
OD1277,ORD0892,P092,2815.82,1,281.4,2534.42
OD1278,ORD0168,P099,1320.49,1,139.24,1181.25
OD1279,ORD0557,P031,3670.97,3,47.82,10965.09
OD1280,ORD0452,P077,1247.12,4,82.43,4906.049999999999
OD1281,ORD0905,P035,3243.08,4,86.97,12885.35
OD1282,ORD0105,P016,3689.38,3,421.35,10646.789999999999
OD1283,ORD0150,P079,2491.41,3,142.16,7332.07
OD1284,ORD0146,P018,3251.61,3,357.35,9397.48
OD1285,ORD0716,P062,3208.44,1,283.92,2924.52
OD1286,ORD0874,P027,934.0,3,488.52,2313.48
OD1287,ORD0299,P035,2738.11,3,136.41,8077.92
OD1288,ORD0167,P045,555.18,2,79.19,1031.1699999999998
OD1289,ORD0713,P035,2129.83,3,26.02,6363.469999999999
OD1290,ORD0646,P028,816.5,3,120.48,2329.02
OD1291,ORD0723,P009,1782.13,1,342.04,1440.0900000000001
OD1292,ORD0048,P076,3365.33,4,42.63,13418.69
OD1293,ORD0638,P015,3951.24,1,122.35,3828.89
OD1294,ORD0239,P021,1408.25,2,427.65,2388.85
OD1295,ORD0007,P052,2221.43,3,291.48,6372.8099999999995
OD1296,ORD0464,P035,2142.93,3,34.76,6394.029999999999
OD1297,ORD0453,P097,3826.73,3,23.84,11456.35
OD1298,ORD0784,P051,2018.62,3,30.56,6025.299999999999
OD1299,ORD0897,P083,2856.6,3,470.94,8098.86
OD1300,ORD0371,P055,3702.8,3,424.94,10683.460000000001
OD1301,ORD0549,P087,1618.84,2,422.47,2815.21
OD1302,ORD0487,P077,3628.06,3,462.11,10422.07
OD1303,ORD0211,P044,3686.33,3,252.63,10806.36
OD1304,ORD0165,P065,3736.52,3,123.67,11085.89
OD1305,ORD0125,P093,1227.7,2,200.67,2254.73
OD1306,ORD0337,P088,1721.35,3,359.43,4804.619999999999
OD1307,ORD0192,P080,3507.5,2,438.02,6576.98
OD1308,ORD0730,P025,1564.81,1,217.55,1347.26
OD1309,ORD0214,P087,2480.96,3,267.69,7175.1900000000005
OD1310,ORD0574,P092,648.61,4,465.89,2128.55
OD1311,ORD0328,P047,413.84,2,53.75,773.93
OD1312,ORD0957,P080,1765.58,1,431.15,1334.4299999999998
OD1313,ORD0381,P056,2399.88,2,79.65,4720.110000000001
OD1314,ORD0673,P038,1692.26,2,241.93,3142.59
OD1315,ORD0578,P011,2395.4,1,109.21,2286.19
OD1316,ORD0798,P067,2157.32,3,301.47,6170.490000000001
OD1317,ORD0239,P015,2805.69,3,279.29,8137.78
OD1318,ORD0532,P001,2668.22,2,190.0,5146.44
OD1319,ORD0700,P007,1812.13,1,431.65,1380.48
OD1320,ORD0082,P001,1814.98,3,329.91,5115.030000000001
OD1321,ORD0363,P049,734.96,2,360.6,1109.3200000000002
OD1322,ORD0505,P096,2150.31,4,75.33,8525.91
OD1323,ORD0202,P073,2431.28,1,441.58,1989.7000000000003
OD1324,ORD0920,P029,2010.66,4,83.52,7959.12
OD1325,ORD0504,P026,1437.69,4,111.39,5639.37
OD1326,ORD0644,P087,2942.26,2,64.03,5820.490000000001
OD1327,ORD0037,P045,483.71,1,220.18,263.53
OD1328,ORD0644,P093,3674.87,3,443.85,10580.76
OD1329,ORD0589,P097,278.45,3,126.22,709.1299999999999
OD1330,ORD0601,P071,3856.93,2,186.88,7526.98
OD1331,ORD0973,P012,1956.95,3,423.03,5447.820000000001
OD1332,ORD0402,P095,1768.15,3,308.91,4995.540000000001
OD1333,ORD0765,P032,1174.49,4,375.81,4322.15
OD1334,ORD0856,P020,238.27,4,107.0,846.08
OD1335,ORD0706,P051,1244.2,1,358.24,885.96
OD1336,ORD0176,P081,615.72,4,113.81,2349.07
OD1337,ORD0545,P036,2707.32,3,493.66,7628.300000000001
OD1338,ORD0570,P067,1412.48,1,279.94,1132.54
OD1339,ORD0467,P001,3115.28,1,347.82,2767.46
OD1340,ORD0201,P027,986.28,2,59.2,1913.36
OD1341,ORD0540,P040,3620.89,4,125.33,14358.23
OD1342,ORD0547,P097,2187.33,1,69.87,2117.46
OD1343,ORD0999,P084,635.12,3,195.09,1710.2700000000002
OD1344,ORD0637,P014,1723.21,1,142.07,1581.14
OD1345,ORD0394,P100,985.69,1,366.46,619.23
OD1346,ORD0833,P069,958.8,2,54.35,1863.25
OD1347,ORD0042,P087,2124.21,3,376.03,5996.6
OD1348,ORD0597,P079,2753.19,3,22.85,8236.72
OD1349,ORD0393,P006,3664.15,4,101.01,14555.59
OD1350,ORD0700,P033,2108.22,3,395.98,5928.68
OD1351,ORD0623,P055,3870.19,1,371.39,3498.8
OD1352,ORD0783,P019,3778.21,3,238.16,11096.470000000001
OD1353,ORD0995,P077,3487.24,3,24.99,10436.73
OD1354,ORD0441,P029,2099.91,1,304.95,1794.9599999999998
OD1355,ORD0837,P061,735.43,2,203.36,1267.5
OD1356,ORD0617,P070,1028.04,4,158.26,3953.8999999999996
OD1357,ORD0506,P079,2661.15,4,320.21,10324.390000000001
OD1358,ORD0918,P080,1802.67,2,218.31,3387.03
OD1359,ORD0320,P024,757.85,1,46.21,711.64
OD1360,ORD0553,P023,2020.18,4,457.98,7622.74
OD1361,ORD0215,P010,266.24,2,389.25,143.23000000000002
OD1362,ORD0071,P054,2988.8,2,28.19,5949.410000000001
OD1363,ORD0568,P041,479.61,2,262.53,696.69
OD1364,ORD0919,P049,2590.63,4,41.69,10320.83
OD1365,ORD0236,P017,3213.44,4,418.64,12435.12
OD1366,ORD0281,P056,704.05,4,306.51,2509.6899999999996
OD1367,ORD0987,P045,2170.83,4,86.22,8597.1
OD1368,ORD0617,P030,3160.46,3,10.37,9471.01
OD1369,ORD0902,P044,1190.41,2,15.79,2365.03
OD1370,ORD0887,P074,819.08,3,253.68,2203.5600000000004
OD1371,ORD0162,P055,1479.91,2,367.19,2592.63
OD1372,ORD0191,P019,2307.86,4,60.42,9171.02
OD1373,ORD0009,P029,2386.06,4,110.64,9433.6
OD1374,ORD0060,P002,697.33,3,163.63,1928.3600000000001
OD1375,ORD0893,P036,1938.76,1,109.04,1829.72
OD1376,ORD0817,P019,1219.47,4,195.67,4682.21
OD1377,ORD0225,P007,3399.69,1,279.81,3119.88
OD1378,ORD0819,P026,1391.59,2,342.47,2440.71
OD1379,ORD0700,P079,3387.08,3,481.89,9679.35
OD1380,ORD0582,P038,1828.55,1,465.42,1363.1299999999999
OD1381,ORD0805,P003,2961.03,1,285.06,2675.9700000000003
OD1382,ORD0287,P080,2138.23,4,367.08,8185.84
OD1383,ORD0994,P066,2563.46,1,475.44,2088.02
OD1384,ORD0169,P095,1702.35,1,41.74,1660.61
OD1385,ORD0062,P092,3119.19,2,2.82,6235.56
OD1386,ORD0349,P071,1815.72,3,14.9,5432.26
OD1387,ORD0442,P094,1938.35,4,281.67,7471.73
OD1388,ORD0014,P043,2167.18,4,381.42,8287.3
OD1389,ORD0164,P062,3360.93,1,183.54,3177.39
OD1390,ORD0420,P071,2705.64,2,272.62,5138.66
OD1391,ORD0757,P100,1526.81,1,258.18,1268.6299999999999
OD1392,ORD0847,P093,2747.21,1,47.39,2699.82
OD1393,ORD0520,P024,2641.22,4,160.79,10404.089999999998
OD1394,ORD0666,P039,3737.87,1,9.72,3728.15
OD1395,ORD0548,P068,3397.38,1,55.35,3342.03
OD1396,ORD0560,P093,2660.3,2,405.93,4914.67
OD1397,ORD0597,P044,1497.73,4,414.71,5576.21
OD1398,ORD0028,P005,3162.39,3,400.97,9086.2
OD1399,ORD0708,P055,2385.79,2,363.41,4408.17
OD1400,ORD0446,P093,3944.03,2,396.66,7491.400000000001
OD1401,ORD0208,P030,1140.52,2,335.49,1945.55
OD1402,ORD0470,P029,502.69,4,334.92,1675.84
OD1403,ORD0716,P026,465.59,1,333.68,131.90999999999997
OD1404,ORD0976,P083,2632.12,3,257.02,7639.34
OD1405,ORD0819,P026,3769.19,4,181.67,14895.09
OD1406,ORD0104,P037,207.34,1,365.1,-157.76000000000002
OD1407,ORD0742,P091,2957.93,2,149.32,5766.54
OD1408,ORD0426,P094,2696.85,4,271.45,10515.949999999999
OD1409,ORD0101,P053,2982.76,1,216.68,2766.0800000000004
OD1410,ORD0541,P030,1550.54,3,138.31,4513.3099999999995
OD1411,ORD0639,P003,3317.89,3,487.34,9466.33
OD1412,ORD0850,P043,369.89,1,129.38,240.51
OD1413,ORD0522,P007,3070.64,4,154.65,12127.91
OD1414,ORD0106,P049,1214.87,2,80.79,2348.95
OD1415,ORD0679,P073,2011.98,1,411.49,1600.49
OD1416,ORD0978,P041,3326.02,2,293.29,6358.75
OD1417,ORD0769,P077,1231.16,3,306.52,3386.9600000000005
OD1418,ORD0807,P079,903.79,1,410.28,493.51
OD1419,ORD0277,P054,2788.99,3,171.46,8195.51
OD1420,ORD0065,P069,2226.9,2,96.82,4356.9800000000005
OD1421,ORD0783,P093,2154.73,2,99.2,4210.26
OD1422,ORD0900,P099,1175.72,1,366.31,809.4100000000001
OD1423,ORD0188,P091,332.55,1,307.06,25.49000000000001
OD1424,ORD0317,P027,1759.02,1,103.17,1655.85
OD1425,ORD0916,P008,604.93,3,72.53,1742.26
OD1426,ORD0138,P032,3642.76,2,60.34,7225.18
OD1427,ORD0343,P084,356.75,2,313.9,399.6
OD1428,ORD0105,P064,1840.27,3,0.06,5520.749999999999
OD1429,ORD0546,P010,398.53,1,9.16,389.36999999999995
OD1430,ORD0380,P013,563.07,4,194.78,2057.5
OD1431,ORD0110,P063,2703.69,1,345.67,2358.02
OD1432,ORD0944,P093,2659.02,4,347.52,10288.56
OD1433,ORD0545,P035,325.6,4,215.06,1087.3400000000001
OD1434,ORD0354,P061,204.3,3,345.54,267.36000000000007
OD1435,ORD0743,P054,499.51,2,260.55,738.47
OD1436,ORD0317,P008,3099.4,2,488.47,5710.33
OD1437,ORD0266,P029,2421.39,2,81.23,4761.55
OD1438,ORD0694,P095,344.85,2,300.33,389.37000000000006
OD1439,ORD0852,P041,2054.77,3,245.62,5918.69
OD1440,ORD0065,P030,2905.71,4,97.23,11525.61
OD1441,ORD0333,P086,3502.02,2,375.0,6629.04
OD1442,ORD0513,P021,3749.34,4,137.75,14859.61
OD1443,ORD0133,P076,1444.27,3,190.85,4141.959999999999
OD1444,ORD0592,P011,716.16,1,187.42,528.74
OD1445,ORD0783,P002,1100.32,3,122.1,3178.86
OD1446,ORD0753,P050,3149.45,2,215.35,6083.549999999999
OD1447,ORD0540,P041,3891.64,1,236.67,3654.97
OD1448,ORD0735,P066,1972.3,3,372.11,5544.79
OD1449,ORD0535,P098,1360.34,3,382.53,3698.49
OD1450,ORD0496,P003,1830.92,4,79.28,7244.400000000001
OD1451,ORD0621,P080,1358.29,3,296.39,3778.48
OD1452,ORD0619,P051,1174.65,1,448.1,726.5500000000001
OD1453,ORD0657,P068,2456.25,3,54.39,7314.36
OD1454,ORD0369,P087,259.8,2,236.46,283.14
OD1455,ORD0866,P084,1186.3,4,375.18,4370.0199999999995
OD1456,ORD0909,P025,2713.25,1,305.75,2407.5
OD1457,ORD0910,P030,321.84,1,50.29,271.54999999999995
OD1458,ORD0651,P082,516.17,3,198.3,1350.2099999999998
OD1459,ORD0796,P011,1314.91,2,253.62,2376.2000000000003
OD1460,ORD0810,P093,3535.66,4,497.92,13644.72
OD1461,ORD0992,P017,3106.57,1,89.3,3017.27
OD1462,ORD0099,P026,284.2,4,491.21,645.5899999999999
OD1463,ORD0317,P023,2106.51,3,188.07,6131.460000000001
OD1464,ORD0123,P056,1243.81,2,100.16,2387.46
OD1465,ORD0320,P052,2664.85,3,207.05,7787.499999999999
OD1466,ORD0799,P048,2941.9,4,307.0,11460.6
OD1467,ORD0593,P020,3478.88,3,106.75,10329.89
OD1468,ORD0495,P002,2006.58,4,145.72,7880.599999999999
OD1469,ORD0457,P088,3978.91,1,427.27,3551.64
OD1470,ORD0522,P031,3923.95,1,499.5,3424.45
OD1471,ORD0520,P027,3552.23,3,159.09,10497.6
OD1472,ORD0917,P002,2384.5,1,74.43,2310.07
OD1473,ORD0717,P078,1712.42,4,396.59,6453.09
OD1474,ORD0315,P004,1584.67,1,300.23,1284.44
OD1475,ORD0946,P013,246.07,2,50.2,441.94
OD1476,ORD0709,P100,1146.86,2,473.39,1820.33
OD1477,ORD0710,P035,2931.47,3,39.02,8755.39
OD1478,ORD0542,P072,2493.8,3,312.68,7168.72
OD1479,ORD0479,P066,3682.4,3,211.97,10835.230000000001
OD1480,ORD0913,P006,390.08,3,278.31,891.9300000000001
OD1481,ORD0971,P031,790.05,4,106.61,3053.5899999999997
OD1482,ORD0020,P010,3199.13,4,344.06,12452.460000000001
OD1483,ORD0560,P021,1562.33,2,479.86,2644.7999999999997
OD1484,ORD0969,P074,649.71,4,229.21,2369.63
OD1485,ORD0130,P023,3986.51,1,261.48,3725.03
OD1486,ORD0293,P003,3191.55,2,119.91,6263.1900000000005
OD1487,ORD0897,P032,1753.22,3,445.93,4813.73
OD1488,ORD0132,P020,3328.72,3,485.59,9500.57
OD1489,ORD0356,P074,2786.29,4,393.15,10752.01
OD1490,ORD0054,P029,3201.9,2,271.39,6132.41
OD1491,ORD0890,P052,3297.78,4,478.4,12712.720000000001
OD1492,ORD0793,P046,521.97,4,76.93,2010.95
OD1493,ORD0387,P034,2567.3,4,239.25,10029.95
OD1494,ORD0265,P084,225.79,2,268.8,182.77999999999997
OD1495,ORD0982,P061,365.13,3,245.96,849.4299999999998
OD1496,ORD0215,P072,3635.12,1,401.21,3233.91
OD1497,ORD0460,P071,2204.74,3,335.2,6279.0199999999995
OD1498,ORD0458,P070,2996.43,2,63.33,5929.53
OD1499,ORD0802,P011,3386.3,3,173.23,9985.670000000002
OD1500,ORD0043,P082,3808.43,3,169.54,11255.749999999998
OD1501,ORD0586,P093,3503.54,1,282.82,3220.72
OD1502,ORD0862,P089,2036.58,3,145.73,5964.01
OD1503,ORD0278,P063,1476.69,3,58.64,4371.429999999999
OD1504,ORD0838,P021,787.07,3,326.84,2034.3700000000001
OD1505,ORD0754,P003,1721.22,4,425.52,6459.360000000001
OD1506,ORD0130,P082,1592.68,2,465.8,2719.56
OD1507,ORD0350,P088,2326.38,2,486.29,4166.47
OD1508,ORD0706,P010,2728.94,1,390.56,2338.38
OD1509,ORD0544,P027,3917.64,4,69.85,15600.71
OD1510,ORD0106,P012,2967.87,4,426.56,11444.92
OD1511,ORD0912,P007,2646.24,3,199.98,7738.74
OD1512,ORD0716,P017,1473.35,2,364.96,2581.74
OD1513,ORD0001,P065,331.11,1,265.63,65.48000000000002
OD1514,ORD0757,P064,1294.88,4,414.3,4765.22
OD1515,ORD0584,P026,3120.1,3,212.75,9147.55
OD1516,ORD0432,P015,980.03,1,30.9,949.13
OD1517,ORD0306,P033,2906.32,4,278.41,11346.87
OD1518,ORD0909,P062,2403.16,1,85.65,2317.5099999999998
OD1519,ORD0527,P047,853.06,4,482.76,2929.4799999999996
OD1520,ORD0053,P095,1194.17,1,263.48,930.69
OD1521,ORD0940,P035,2085.95,4,276.78,8067.0199999999995
OD1522,ORD0520,P065,1789.82,4,453.63,6705.65
OD1523,ORD0330,P072,3158.54,1,312.29,2846.25
OD1524,ORD0558,P076,2990.74,4,151.36,11811.599999999999
OD1525,ORD0325,P083,2383.38,4,148.05,9385.470000000001
OD1526,ORD0114,P025,3324.64,4,250.79,13047.769999999999
OD1527,ORD0147,P057,2338.14,1,433.3,1904.84
OD1528,ORD0166,P032,3864.68,1,397.36,3467.3199999999997
OD1529,ORD0379,P063,1025.45,4,481.37,3620.4300000000003
OD1530,ORD0139,P012,2913.7,4,35.94,11618.859999999999
OD1531,ORD0629,P063,1605.79,1,134.16,1471.6299999999999
OD1532,ORD0299,P077,1260.07,3,40.1,3740.11
OD1533,ORD0276,P092,885.47,4,375.54,3166.34
OD1534,ORD0916,P001,2299.51,3,70.42,6828.110000000001
OD1535,ORD0789,P051,1018.78,1,49.94,968.8399999999999
OD1536,ORD0850,P070,961.33,4,280.84,3564.48
OD1537,ORD0825,P008,3964.02,3,205.74,11686.32
OD1538,ORD0178,P068,3246.64,1,357.55,2889.0899999999997
OD1539,ORD0842,P005,3043.45,3,243.51,8886.839999999998
OD1540,ORD0354,P089,3217.43,2,212.67,6222.19
OD1541,ORD0154,P086,3881.91,1,212.75,3669.16
OD1542,ORD0926,P092,2378.45,2,435.94,4320.96
OD1543,ORD0201,P039,1036.93,1,197.61,839.32
OD1544,ORD0878,P023,3476.4,1,166.7,3309.7000000000003
OD1545,ORD0115,P068,3022.38,4,169.27,11920.25
OD1546,ORD0671,P052,1774.37,2,98.3,3450.4399999999996
OD1547,ORD0554,P004,1999.56,2,430.34,3568.7799999999997
OD1548,ORD0759,P047,1762.76,2,73.32,3452.2
OD1549,ORD0068,P021,3733.78,1,454.31,3279.4700000000003
OD1550,ORD0445,P056,1505.42,2,141.73,2869.11
OD1551,ORD0445,P066,3861.24,2,449.71,7272.7699999999995
OD1552,ORD0326,P059,3659.03,4,395.41,14240.710000000001
OD1553,ORD0846,P007,2595.98,3,290.99,7496.950000000001
OD1554,ORD0708,P049,2403.32,3,334.74,6875.220000000001
OD1555,ORD0602,P016,1606.34,2,162.92,3049.7599999999998
OD1556,ORD0623,P017,269.69,2,287.11,252.26999999999998
OD1557,ORD0880,P084,684.97,2,146.2,1223.74
OD1558,ORD0359,P087,3066.08,2,201.14,5931.0199999999995
OD1559,ORD0145,P098,1991.85,3,382.33,5593.219999999999
OD1560,ORD0275,P075,769.38,4,121.97,2955.55
OD1561,ORD0509,P034,1203.05,1,419.42,783.6299999999999
OD1562,ORD0179,P033,3801.78,2,187.94,7415.620000000001
OD1563,ORD0753,P026,1595.1,2,266.08,2924.12
OD1564,ORD0838,P066,3649.19,3,470.98,10476.59
OD1565,ORD0831,P063,1357.62,2,340.63,2374.6099999999997
OD1566,ORD0477,P087,2264.24,4,322.8,8734.16
OD1567,ORD0843,P041,277.81,4,355.8,755.44
OD1568,ORD0976,P086,2183.13,2,459.06,3907.2000000000003
OD1569,ORD0414,P058,2620.38,3,124.26,7736.88
OD1570,ORD0153,P098,1090.36,2,306.62,1874.1
OD1571,ORD0104,P079,2399.96,2,200.2,4599.72
OD1572,ORD0075,P010,2659.24,3,5.93,7971.789999999999
OD1573,ORD0128,P015,2810.17,4,62.65,11178.03
OD1574,ORD0711,P042,3150.33,1,162.5,2987.83
OD1575,ORD0666,P093,1383.09,2,282.5,2483.68
OD1576,ORD0568,P057,2357.55,4,440.74,8989.460000000001
OD1577,ORD0790,P087,3930.0,2,395.56,7464.44
OD1578,ORD0345,P017,3612.95,1,276.67,3336.2799999999997
OD1579,ORD0531,P060,3820.13,3,36.94,11423.449999999999
OD1580,ORD0159,P009,1667.32,4,142.95,6526.33
OD1581,ORD0538,P036,3190.33,1,183.35,3006.98
OD1582,ORD0426,P073,2555.61,2,310.86,4800.360000000001
OD1583,ORD0681,P080,514.39,1,32.46,481.93
OD1584,ORD0996,P036,3331.13,4,265.1,13059.42
OD1585,ORD0023,P048,2772.98,3,450.73,7868.210000000001
OD1586,ORD0047,P051,955.89,2,352.72,1559.06
OD1587,ORD0525,P097,503.01,3,398.54,1110.49
OD1588,ORD0729,P095,3380.68,3,340.84,9801.199999999999
OD1589,ORD0834,P070,499.83,1,103.29,396.53999999999996
OD1590,ORD0706,P074,547.14,1,55.24,491.9
OD1591,ORD0144,P080,1824.15,4,414.75,6881.85
OD1592,ORD0585,P068,712.23,4,347.75,2501.17
OD1593,ORD0668,P022,3671.94,3,287.53,10728.289999999999
OD1594,ORD0589,P077,1987.08,4,94.64,7853.679999999999
OD1595,ORD0419,P080,2362.77,3,301.67,6786.639999999999
OD1596,ORD0681,P093,3726.8,2,15.66,7437.9400000000005
OD1597,ORD0973,P006,2215.0,3,59.42,6585.58
OD1598,ORD0799,P026,1543.65,4,155.95,6018.650000000001
OD1599,ORD0085,P075,3229.19,4,221.87,12694.89
OD1600,ORD0416,P088,1882.83,3,60.28,5588.21
OD1601,ORD0694,P093,1410.18,1,59.97,1350.21
OD1602,ORD0482,P003,2948.27,3,362.95,8481.859999999999
OD1603,ORD0456,P052,3246.1,3,284.86,9453.439999999999
OD1604,ORD0827,P074,3208.52,1,266.87,2941.65
OD1605,ORD0297,P060,3915.16,2,226.22,7604.099999999999
OD1606,ORD0112,P063,3189.33,1,488.27,2701.06
OD1607,ORD0962,P065,3125.75,4,24.9,12478.1
OD1608,ORD0230,P052,3458.44,1,90.31,3368.13
OD1609,ORD0096,P090,200.7,4,323.75,479.04999999999995
OD1610,ORD0950,P076,1577.24,4,68.18,6240.78
OD1611,ORD0680,P014,3002.89,3,294.69,8713.98
OD1612,ORD0378,P089,2478.93,3,283.88,7152.909999999999
OD1613,ORD0156,P072,874.77,2,485.5,1264.04
OD1614,ORD0421,P068,1354.19,4,441.69,4975.070000000001
OD1615,ORD0105,P028,1479.81,3,472.78,3966.6500000000005
OD1616,ORD0705,P071,2357.75,4,56.8,9374.2
OD1617,ORD0330,P010,3360.07,2,434.07,6286.070000000001
OD1618,ORD0439,P057,3743.47,4,64.55,14909.33
OD1619,ORD0132,P100,3050.35,2,316.47,5784.23
OD1620,ORD0867,P066,3403.21,2,360.04,6446.38
OD1621,ORD0382,P090,1986.36,2,80.43,3892.29
OD1622,ORD0138,P050,1681.15,3,316.33,4727.120000000001
OD1623,ORD0943,P014,1692.29,1,26.23,1666.06
OD1624,ORD0843,P016,2540.95,1,146.63,2394.3199999999997
OD1625,ORD0270,P054,672.1,3,460.58,1555.7200000000003
OD1626,ORD0550,P043,2402.08,4,85.87,9522.449999999999
OD1627,ORD0396,P042,2727.5,3,32.63,8149.87
OD1628,ORD0557,P081,1867.85,4,221.84,7249.5599999999995
OD1629,ORD0913,P022,3822.04,2,425.31,7218.7699999999995
OD1630,ORD0464,P068,2511.21,3,38.34,7495.29
OD1631,ORD0675,P019,1036.0,1,177.77,858.23
OD1632,ORD0450,P066,2021.02,4,449.89,7634.19
OD1633,ORD0331,P039,2766.54,3,59.08,8240.539999999999
OD1634,ORD0253,P073,1429.79,3,155.33,4134.04
OD1635,ORD0681,P019,502.64,4,389.21,1621.35
OD1636,ORD0963,P016,2417.06,2,271.61,4562.51
OD1637,ORD0285,P054,3801.91,2,416.17,7187.65
OD1638,ORD0274,P025,2043.27,2,55.8,4030.74
OD1639,ORD0020,P018,3643.21,2,460.28,6826.14
OD1640,ORD0239,P023,3373.09,4,467.46,13024.900000000001
OD1641,ORD0270,P085,760.17,1,77.66,682.51
OD1642,ORD0418,P011,2891.05,3,16.94,8656.210000000001
OD1643,ORD0945,P039,1854.77,3,494.92,5069.389999999999
OD1644,ORD0310,P068,1150.94,2,241.13,2060.75
OD1645,ORD0031,P025,2810.37,4,286.04,10955.439999999999
OD1646,ORD0826,P063,3022.11,1,307.95,2714.1600000000003
OD1647,ORD0104,P096,883.61,1,394.83,488.78000000000003
OD1648,ORD0682,P030,3674.89,3,405.99,10618.68
OD1649,ORD0186,P045,3054.36,2,96.96,6011.76
OD1650,ORD0128,P090,3746.83,3,118.32,11122.17
OD1651,ORD0210,P061,1404.88,3,438.42,3776.2200000000003
OD1652,ORD0414,P100,3769.47,1,409.76,3359.71
OD1653,ORD0281,P051,1600.37,4,308.81,6092.669999999999
OD1654,ORD0959,P098,405.09,1,497.35,-92.26000000000005
OD1655,ORD0253,P009,3099.28,3,367.59,8930.25
OD1656,ORD0019,P076,2873.33,2,107.92,5638.74
OD1657,ORD0712,P002,2472.06,2,423.32,4520.8
OD1658,ORD0732,P005,2061.6,4,207.37,8039.03
OD1659,ORD0136,P062,322.23,4,18.08,1270.8400000000001
OD1660,ORD0223,P069,2573.47,4,160.71,10133.17
OD1661,ORD0003,P052,1783.97,3,381.78,4970.13
OD1662,ORD0963,P086,2328.8,3,480.1,6506.3
OD1663,ORD0236,P005,1831.42,4,138.07,7187.610000000001
OD1664,ORD0854,P059,3871.01,2,123.26,7618.76
OD1665,ORD0465,P068,2495.61,2,281.81,4709.41
OD1666,ORD0228,P009,3047.1,2,405.84,5688.36
OD1667,ORD0913,P093,3758.12,3,373.26,10901.1
OD1668,ORD0654,P022,2448.08,1,279.98,2168.1
OD1669,ORD0499,P027,245.84,2,315.69,175.99
OD1670,ORD0521,P010,330.31,2,121.05,539.57
OD1671,ORD0702,P080,2868.89,2,216.29,5521.49
OD1672,ORD0862,P061,1260.52,4,127.68,4914.4
OD1673,ORD0917,P051,2401.64,3,442.21,6762.71
OD1674,ORD0972,P010,968.65,4,56.28,3818.3199999999997
OD1675,ORD0677,P006,1226.95,4,339.87,4567.93
OD1676,ORD0992,P062,2117.64,1,130.14,1987.5
OD1677,ORD0139,P005,3907.16,4,237.79,15390.849999999999
OD1678,ORD0276,P070,2541.83,1,149.71,2392.12
OD1679,ORD0291,P063,3757.36,4,161.62,14867.82
OD1680,ORD0053,P056,3845.64,2,130.2,7561.08
OD1681,ORD0687,P059,990.82,3,376.4,2596.06
OD1682,ORD0110,P063,1382.54,4,182.86,5347.3
OD1683,ORD0715,P089,3125.97,1,363.18,2762.79
OD1684,ORD0948,P059,3493.7,3,228.03,10253.069999999998
OD1685,ORD0648,P051,2173.06,1,273.62,1899.44
OD1686,ORD0004,P050,3974.26,2,271.64,7676.88
OD1687,ORD0667,P004,243.97,4,487.93,487.95
OD1688,ORD0684,P048,1338.45,3,183.53,3831.82
OD1689,ORD0936,P032,2568.01,2,103.84,5032.18
OD1690,ORD0870,P051,1983.3,4,455.9,7477.3
OD1691,ORD0047,P052,643.09,4,87.42,2484.94
OD1692,ORD0094,P099,1597.59,1,417.21,1180.3799999999999
OD1693,ORD0940,P074,296.7,1,75.11,221.58999999999997
OD1694,ORD0560,P034,2642.43,2,329.36,4955.5
OD1695,ORD0752,P036,3592.42,1,75.27,3517.15
OD1696,ORD0859,P070,3562.52,2,461.54,6663.5
OD1697,ORD0213,P043,2858.27,2,282.5,5434.04
OD1698,ORD0436,P016,1969.93,2,164.64,3775.2200000000003
OD1699,ORD0852,P059,2145.72,1,70.16,2075.56
OD1700,ORD0508,P053,720.29,3,185.6,1975.27
OD1701,ORD0836,P019,1495.86,2,352.51,2639.21
OD1702,ORD0651,P098,913.37,3,192.48,2547.63
OD1703,ORD0205,P089,3320.56,4,123.05,13159.19
OD1704,ORD0381,P095,3676.06,1,288.7,3387.36
OD1705,ORD0073,P041,2240.31,1,208.91,2031.3999999999999
OD1706,ORD0516,P081,2965.5,3,82.9,8813.6
OD1707,ORD0076,P047,661.57,4,76.99,2569.2900000000004
OD1708,ORD0841,P094,2512.43,4,353.73,9695.99
OD1709,ORD0077,P054,2870.61,2,487.34,5253.88
OD1710,ORD0816,P055,1920.52,1,116.55,1803.97
OD1711,ORD0768,P095,1124.44,4,386.57,4111.1900000000005
OD1712,ORD0410,P019,3534.02,4,43.8,14092.28
OD1713,ORD0614,P062,3023.05,2,190.79,5855.31
OD1714,ORD0106,P099,3619.46,2,253.34,6985.58
OD1715,ORD0845,P093,3309.93,3,134.37,9795.419999999998
OD1716,ORD0551,P059,3963.42,1,264.79,3698.63
OD1717,ORD0476,P065,930.26,4,441.31,3279.73
OD1718,ORD0826,P068,529.64,3,472.22,1116.7
OD1719,ORD0275,P028,1480.61,1,50.28,1430.33
OD1720,ORD0088,P018,690.22,3,135.92,1934.7399999999998
OD1721,ORD0723,P026,2187.89,1,489.57,1698.32
OD1722,ORD0881,P019,2605.51,1,135.21,2470.3
OD1723,ORD0077,P055,2397.5,4,346.35,9243.65
OD1724,ORD0077,P057,1185.11,1,126.73,1058.3799999999999
OD1725,ORD0442,P006,3653.53,2,178.18,7128.88
OD1726,ORD0540,P001,280.45,4,95.64,1026.1599999999999
OD1727,ORD0245,P008,1522.45,2,428.15,2616.75
OD1728,ORD0578,P097,2932.17,3,441.32,8355.19
OD1729,ORD0778,P051,3114.33,3,148.46,9194.53
OD1730,ORD0382,P085,1781.25,1,411.79,1369.46
OD1731,ORD0982,P088,264.26,1,179.12,85.13999999999999
OD1732,ORD0717,P025,2548.57,2,49.51,5047.63
OD1733,ORD0570,P047,439.76,2,379.04,500.47999999999996
OD1734,ORD0713,P055,609.85,2,298.22,921.48
OD1735,ORD0737,P064,2670.95,3,137.19,7875.66
OD1736,ORD0142,P083,1387.46,2,126.5,2648.42
OD1737,ORD0893,P093,1522.51,4,487.81,5602.23
OD1738,ORD0368,P010,2049.87,4,431.25,7768.23
OD1739,ORD0084,P056,3918.6,3,404.9,11350.9
OD1740,ORD0143,P012,3868.68,2,64.01,7673.349999999999
OD1741,ORD0352,P033,1781.79,2,377.59,3185.99
OD1742,ORD0545,P071,1208.9,1,107.27,1101.63
OD1743,ORD0913,P017,1349.85,4,488.69,4910.71
OD1744,ORD0152,P061,1221.37,3,26.04,3638.0699999999997
OD1745,ORD0158,P010,2222.53,2,176.07,4268.990000000001
OD1746,ORD0446,P031,2506.07,1,214.32,2291.75
OD1747,ORD0653,P060,2057.36,3,412.1,5759.98
OD1748,ORD0958,P070,1750.38,3,383.11,4868.030000000001
OD1749,ORD0763,P017,1002.88,4,187.5,3824.02
OD1750,ORD0303,P050,2033.52,2,282.78,3784.26
OD1751,ORD0624,P037,1496.19,3,417.8,4070.7699999999995
OD1752,ORD0656,P082,2258.06,1,9.1,2248.96
OD1753,ORD0450,P062,2765.72,1,401.09,2364.6299999999997
OD1754,ORD0721,P090,2606.59,3,473.45,7346.320000000001
OD1755,ORD0224,P080,1957.46,1,16.03,1941.43
OD1756,ORD0043,P072,2313.0,3,22.79,6916.21
OD1757,ORD0264,P088,1282.45,1,172.26,1110.19
OD1758,ORD0756,P077,292.11,3,43.88,832.45
OD1759,ORD0003,P029,2575.07,3,239.64,7485.570000000001
OD1760,ORD0637,P032,1159.76,3,364.36,3114.9199999999996
OD1761,ORD0268,P088,2742.02,1,283.45,2458.57
OD1762,ORD0596,P080,3038.63,3,98.22,9017.67
OD1763,ORD0016,P011,3680.53,4,327.41,14394.710000000001
OD1764,ORD0334,P096,3840.87,3,342.43,11180.18
OD1765,ORD0464,P006,240.0,2,466.22,13.779999999999973
OD1766,ORD0059,P035,3963.42,2,73.4,7853.4400000000005
OD1767,ORD0177,P033,2795.47,4,346.17,10835.71
OD1768,ORD0063,P018,2645.39,3,455.71,7480.46
OD1769,ORD0958,P037,257.81,2,250.78,264.84000000000003
OD1770,ORD0561,P013,3472.69,3,180.9,10237.17
OD1771,ORD0307,P074,752.87,2,85.37,1420.37
OD1772,ORD0246,P090,3381.85,1,433.39,2948.46
OD1773,ORD0289,P081,259.14,1,197.12,62.01999999999998
OD1774,ORD0798,P064,2654.66,4,462.44,10156.199999999999
OD1775,ORD0955,P001,1852.25,4,423.88,6985.12
OD1776,ORD0332,P063,962.91,3,188.32,2700.41
OD1777,ORD0527,P089,608.73,4,286.96,2147.96
OD1778,ORD0850,P034,1872.49,3,13.59,5603.88
OD1779,ORD0255,P010,668.56,1,131.61,536.9499999999999
OD1780,ORD0604,P084,2048.5,1,355.14,1693.3600000000001
OD1781,ORD0510,P007,2575.82,2,338.96,4812.68
OD1782,ORD0791,P056,3344.06,3,176.68,9855.5
OD1783,ORD0718,P080,2778.87,1,404.3,2374.5699999999997
OD1784,ORD0606,P037,447.76,1,117.92,329.84
OD1785,ORD0737,P029,1368.24,3,230.64,3874.0800000000004
OD1786,ORD0813,P012,1294.32,2,236.27,2352.37
OD1787,ORD0830,P017,3677.12,2,170.41,7183.83
OD1788,ORD0463,P048,3497.57,2,477.33,6517.81
OD1789,ORD0199,P084,1606.56,2,348.34,2864.7799999999997
OD1790,ORD0271,P026,470.39,1,269.6,200.78999999999996
OD1791,ORD0746,P083,3597.61,3,255.26,10537.57
OD1792,ORD0558,P012,3575.12,3,79.65,10645.710000000001
OD1793,ORD0064,P021,3448.04,1,186.09,3261.95
OD1794,ORD0230,P042,3411.31,1,336.39,3074.92
OD1795,ORD0942,P061,2024.97,1,462.29,1562.68
OD1796,ORD0952,P058,874.24,4,408.23,3088.73
OD1797,ORD0249,P054,2014.45,3,150.19,5893.160000000001
OD1798,ORD0246,P034,2079.47,3,216.98,6021.43
OD1799,ORD0940,P007,2061.74,3,41.46,6143.759999999999
OD1800,ORD0587,P035,2247.34,2,51.09,4443.59
OD1801,ORD0157,P015,1179.1,1,235.12,943.9799999999999
OD1802,ORD0735,P065,1591.72,1,265.11,1326.6100000000001
OD1803,ORD0702,P090,1849.91,1,132.01,1717.9
OD1804,ORD0985,P099,698.26,4,321.39,2471.65
OD1805,ORD0564,P025,1930.38,3,351.69,5439.450000000001
OD1806,ORD0950,P059,3279.78,1,149.56,3130.2200000000003
OD1807,ORD0088,P079,3346.63,4,379.21,13007.310000000001
OD1808,ORD0313,P086,1763.94,1,102.8,1661.14
OD1809,ORD0851,P006,2171.47,2,272.13,4070.8099999999995
OD1810,ORD0066,P052,327.87,3,402.14,581.47
OD1811,ORD0662,P079,2762.84,4,268.5,10782.86
OD1812,ORD0020,P088,1737.5,1,453.98,1283.52
OD1813,ORD0033,P021,1892.82,3,29.25,5649.21
OD1814,ORD0840,P071,3519.96,4,294.16,13785.68
OD1815,ORD0793,P093,1954.97,3,280.88,5584.03
OD1816,ORD0558,P096,280.53,3,330.18,511.4099999999999
OD1817,ORD0073,P032,1064.47,2,416.7,1712.24
OD1818,ORD0866,P053,2007.36,3,362.93,5659.15
OD1819,ORD0825,P059,1812.71,4,395.14,6855.7
OD1820,ORD0343,P069,3469.41,3,144.41,10263.82
OD1821,ORD0133,P062,2260.12,4,193.75,8846.73
OD1822,ORD0055,P004,2820.62,3,313.39,8148.47
OD1823,ORD0061,P086,1983.43,1,276.73,1706.7
OD1824,ORD0857,P018,1870.69,2,480.55,3260.83
OD1825,ORD0520,P099,1895.89,1,93.42,1802.47
OD1826,ORD0272,P081,1761.5,2,175.64,3347.36
OD1827,ORD0246,P056,2246.62,4,286.38,8700.1
OD1828,ORD0176,P024,1151.68,2,433.98,1869.38
OD1829,ORD0628,P066,3586.01,3,464.67,10293.36
OD1830,ORD0317,P013,1465.73,3,168.02,4229.17
OD1831,ORD0783,P062,760.59,1,33.55,727.0400000000001
OD1832,ORD0705,P054,566.89,2,210.81,922.97
OD1833,ORD0662,P015,251.01,4,197.17,806.87
OD1834,ORD0131,P069,1806.85,4,493.24,6734.16
OD1835,ORD0102,P003,912.92,3,215.53,2523.2299999999996
OD1836,ORD0310,P037,282.26,4,152.86,976.18
OD1837,ORD0782,P037,2176.07,3,182.69,6345.520000000001
OD1838,ORD0292,P003,2783.92,3,198.46,8153.3
OD1839,ORD0722,P063,525.85,3,410.77,1166.7800000000002
OD1840,ORD0495,P035,1951.5,1,40.51,1910.99
OD1841,ORD0361,P052,3025.79,1,158.25,2867.54
OD1842,ORD0338,P087,3946.07,3,483.16,11355.050000000001
OD1843,ORD0579,P028,2735.32,3,76.55,8129.410000000001
OD1844,ORD0010,P094,1130.39,3,371.3,3019.87
OD1845,ORD0049,P018,2922.9,4,178.2,11513.4
OD1846,ORD0487,P036,2472.13,3,290.89,7125.5
OD1847,ORD0623,P033,1004.84,3,49.77,2964.75
OD1848,ORD0321,P064,3434.22,2,153.21,6715.23
OD1849,ORD0731,P026,1824.14,2,250.43,3397.8500000000004
OD1850,ORD0569,P048,3855.52,2,115.85,7595.19
OD1851,ORD0795,P040,2947.02,2,270.93,5623.11
OD1852,ORD0971,P017,2649.34,3,109.88,7838.14
OD1853,ORD0625,P040,2967.74,2,325.05,5610.429999999999
OD1854,ORD0133,P007,2016.77,4,452.18,7614.9
OD1855,ORD0583,P057,2119.86,4,42.74,8436.7
OD1856,ORD0083,P008,3434.59,2,108.31,6760.87
OD1857,ORD0057,P056,2787.53,1,422.21,2365.32
OD1858,ORD0376,P031,3609.52,4,315.78,14122.3
OD1859,ORD0349,P059,3585.14,4,39.35,14301.21
OD1860,ORD0271,P058,3910.66,2,243.18,7578.139999999999
OD1861,ORD0483,P012,2860.82,2,104.88,5616.76
OD1862,ORD0111,P048,2108.75,3,99.55,6226.7
OD1863,ORD0869,P031,831.98,4,470.32,2857.6
OD1864,ORD0887,P083,2880.45,2,380.77,5380.129999999999
OD1865,ORD0076,P063,1308.0,2,348.12,2267.88
OD1866,ORD0158,P074,1275.2,3,119.46,3706.1400000000003
OD1867,ORD0532,P039,1105.49,4,59.29,4362.67
OD1868,ORD0933,P076,3525.46,2,435.42,6615.5
OD1869,ORD0643,P020,3498.26,3,2.94,10491.84
OD1870,ORD0329,P048,2597.69,2,194.05,5001.33
OD1871,ORD0122,P071,1997.33,1,138.81,1858.52
OD1872,ORD0041,P054,2754.03,1,285.19,2468.84
OD1873,ORD0167,P078,2507.47,2,125.25,4889.69
OD1874,ORD0922,P075,1779.79,4,155.6,6963.5599999999995
OD1875,ORD0642,P071,1642.6,1,425.02,1217.58
OD1876,ORD0023,P029,1654.62,3,301.59,4662.2699999999995
OD1877,ORD0279,P074,2438.71,2,72.84,4804.58
OD1878,ORD0763,P093,2661.14,3,363.24,7620.18
OD1879,ORD0469,P073,1916.62,1,103.73,1812.8899999999999
OD1880,ORD0400,P100,3881.03,4,216.5,15307.62
OD1881,ORD0009,P048,518.61,3,323.3,1232.53
OD1882,ORD0013,P074,1518.78,1,135.96,1382.82
OD1883,ORD0924,P083,1792.48,1,192.05,1600.43
OD1884,ORD0923,P056,264.3,1,367.07,-102.76999999999998
OD1885,ORD0819,P095,1586.84,3,468.96,4291.5599999999995
OD1886,ORD0832,P017,1240.1,1,264.62,975.4799999999999
OD1887,ORD0052,P009,2122.94,2,4.99,4240.89
OD1888,ORD0209,P097,1478.36,1,169.23,1309.1299999999999
OD1889,ORD0550,P034,2959.49,2,199.32,5719.66
OD1890,ORD0612,P045,2137.74,4,169.59,8381.369999999999
OD1891,ORD0705,P088,693.1,2,218.13,1168.0700000000002
OD1892,ORD0402,P009,3050.23,4,316.33,11884.59
OD1893,ORD0191,P007,577.07,4,60.56,2247.7200000000003
OD1894,ORD0051,P016,3388.39,2,136.32,6640.46
OD1895,ORD0393,P019,3739.4,4,253.82,14703.78
OD1896,ORD0653,P006,1425.29,2,157.79,2692.79
OD1897,ORD0680,P011,3719.34,3,495.54,10662.48
OD1898,ORD0823,P076,3213.43,4,215.72,12638.0
OD1899,ORD0621,P061,3705.26,2,434.9,6975.620000000001
OD1900,ORD0719,P042,2731.83,4,448.25,10479.07
OD1901,ORD0939,P013,1095.45,1,418.0,677.45
OD1902,ORD0300,P012,3599.19,2,23.45,7174.93
OD1903,ORD0622,P085,900.21,1,473.87,426.34000000000003
OD1904,ORD0196,P074,1009.63,4,64.37,3974.15
OD1905,ORD0417,P020,1230.04,4,17.2,4902.96
OD1906,ORD0664,P050,1356.14,3,207.18,3861.2400000000002
OD1907,ORD0420,P036,2155.02,2,97.32,4212.72
OD1908,ORD0755,P092,2911.14,1,92.1,2819.04
OD1909,ORD0640,P088,3719.59,3,143.91,11014.86
OD1910,ORD0617,P069,536.06,4,124.2,2020.0399999999997
OD1911,ORD0522,P037,3826.6,4,342.4,14964.0
OD1912,ORD0356,P012,3701.03,3,93.39,11009.7
OD1913,ORD0148,P099,405.2,1,271.56,133.64
OD1914,ORD0365,P040,1569.22,4,493.21,5783.67
OD1915,ORD0364,P054,3289.94,4,216.19,12943.57
OD1916,ORD0971,P002,2523.99,2,320.94,4727.04
OD1917,ORD0652,P050,3160.56,3,484.69,8996.99
OD1918,ORD0702,P041,2932.33,4,68.82,11660.5
OD1919,ORD0402,P045,2087.73,1,209.3,1878.43
OD1920,ORD0606,P009,356.63,2,425.1,288.15999999999997
OD1921,ORD0492,P062,2420.22,3,466.15,6794.51
OD1922,ORD0229,P086,384.55,1,300.62,83.93
OD1923,ORD0575,P047,2494.16,4,71.71,9904.93
OD1924,ORD0852,P005,3241.56,3,450.74,9273.94
OD1925,ORD0537,P076,2422.97,3,87.22,7181.69
OD1926,ORD0268,P001,3988.68,1,176.44,3812.24
OD1927,ORD0405,P044,1932.29,3,187.75,5609.12
OD1928,ORD0793,P022,3045.54,1,223.65,2821.89
OD1929,ORD0011,P038,2735.41,4,395.08,10546.56
OD1930,ORD0320,P019,3967.44,2,401.07,7533.81
OD1931,ORD0713,P080,2910.23,1,359.83,2550.4
OD1932,ORD0126,P031,823.32,2,11.06,1635.5800000000002
OD1933,ORD0306,P067,3830.97,3,282.42,11210.49
OD1934,ORD0702,P087,2737.55,1,373.75,2363.8
OD1935,ORD0511,P042,425.49,4,222.31,1479.65
OD1936,ORD0089,P082,2698.76,1,472.47,2226.29
OD1937,ORD0355,P026,3555.85,1,411.91,3143.94
OD1938,ORD0628,P013,2392.76,1,319.08,2073.6800000000003
OD1939,ORD0352,P058,1545.27,2,31.21,3059.33
OD1940,ORD0689,P018,3319.46,2,326.17,6312.75
OD1941,ORD0014,P067,3173.55,3,455.79,9064.86
OD1942,ORD0257,P087,2267.89,3,189.72,6613.95
OD1943,ORD0209,P003,786.57,3,419.07,1940.64
OD1944,ORD0281,P055,1153.75,3,156.58,3304.67
OD1945,ORD0443,P089,3006.24,1,285.05,2721.1899999999996
OD1946,ORD0840,P091,3263.11,2,324.21,6202.01
OD1947,ORD0837,P058,1261.21,2,339.0,2183.42
OD1948,ORD0389,P063,1598.34,2,441.27,2755.41
OD1949,ORD0617,P091,495.0,2,117.31,872.69
OD1950,ORD0483,P052,2911.16,3,131.18,8602.3
OD1951,ORD0147,P089,213.59,1,352.02,-138.42999999999998
OD1952,ORD0279,P024,376.86,2,88.6,665.12
OD1953,ORD0521,P072,216.51,4,232.14,633.9
OD1954,ORD0630,P009,2652.21,1,10.02,2642.19
OD1955,ORD0606,P037,1786.07,4,70.49,7073.79
OD1956,ORD0434,P094,1330.68,1,339.42,991.26
OD1957,ORD0144,P083,3668.26,1,373.73,3294.53
OD1958,ORD0289,P053,932.65,1,57.66,874.99
OD1959,ORD0386,P080,1679.6,4,113.85,6604.549999999999
OD1960,ORD0014,P024,3773.18,2,49.45,7496.91
OD1961,ORD0257,P021,1823.0,2,216.71,3429.29
OD1962,ORD0346,P100,2307.84,4,63.06,9168.300000000001
OD1963,ORD0698,P040,505.28,2,218.65,791.91
OD1964,ORD0345,P062,3202.63,3,366.05,9241.84
OD1965,ORD0400,P070,1806.48,2,341.69,3271.27
OD1966,ORD0207,P069,3241.96,3,140.23,9585.650000000001
OD1967,ORD0858,P014,1164.43,3,336.88,3156.41
OD1968,ORD0943,P042,1805.42,3,463.86,4952.400000000001
OD1969,ORD0172,P050,3188.89,4,173.76,12581.8
OD1970,ORD0464,P061,3900.74,2,164.56,7636.919999999999
OD1971,ORD0270,P004,426.58,2,285.72,567.4399999999999
OD1972,ORD0221,P072,3287.33,4,122.75,13026.57
OD1973,ORD0152,P088,1342.62,4,325.79,5044.69
OD1974,ORD0623,P075,2292.82,2,416.13,4169.51
OD1975,ORD0183,P017,1302.35,4,229.66,4979.74
OD1976,ORD0399,P085,2531.09,4,339.75,9784.61
OD1977,ORD0851,P057,1544.45,3,325.94,4307.410000000001
OD1978,ORD0072,P090,1467.74,4,19.33,5851.63
OD1979,ORD0418,P048,344.17,3,91.71,940.8
OD1980,ORD0898,P044,758.45,1,446.77,311.68000000000006
OD1981,ORD0283,P045,3684.9,3,469.45,10585.25
OD1982,ORD0074,P091,3993.45,3,390.22,11590.13
OD1983,ORD0355,P080,3165.98,4,460.62,12203.3
OD1984,ORD0727,P090,1289.89,2,153.07,2426.71
OD1985,ORD0497,P033,1729.29,1,123.86,1605.43
OD1986,ORD0328,P031,3010.11,1,192.15,2817.96
OD1987,ORD0988,P047,3880.35,1,27.67,3852.68
OD1988,ORD0535,P006,1930.79,2,404.94,3456.64
OD1989,ORD0580,P072,3352.19,1,492.09,2860.1
OD1990,ORD0910,P071,3905.26,1,412.01,3493.25
OD1991,ORD0447,P034,3519.2,2,277.49,6760.91
OD1992,ORD0373,P053,1063.17,1,147.64,915.5300000000001
OD1993,ORD0362,P014,230.52,4,98.85,823.23
OD1994,ORD0093,P016,2069.91,4,182.03,8097.61
OD1995,ORD0321,P043,2219.17,3,333.48,6324.030000000001
OD1996,ORD0324,P073,964.75,3,223.53,2670.72
OD1997,ORD0384,P074,1281.76,3,467.03,3378.25
OD1998,ORD0575,P081,3107.58,4,427.11,12003.21
OD1999,ORD0736,P012,1987.32,4,51.2,7898.08
OD2000,ORD0737,P070,1405.95,4,65.76,5558.04
